parnme,partrans,parchglim,parval1,parlbnd,parubnd,pargp,scale,offset,dercom,extra,partied
alphah,tied,factor,0.5,0.0,50.0,pargp,1.0,0.0,1,,alphal
alphal,log,factor,5.0,1e-06,500.0,pargp,1.0,0.0,1,,
alphav,tied,factor,0.05,0.0,5.0,pargp,1.0,0.0,1,,alphal
c_u_lti,none,factor,1284.0,642.0,3678.0,pargp,1.0,0.0,1,,
c_u_uti,none,factor,7051.0,3526.0,14100.0,pargp,1.0,0.0,1,,
dr0_s1,none,factor,6245.023,6240.023,6250.023,pargp,1.0,0.0,1,,
dr0_s2,tied,factor,6246.159,6241.159,6251.159,pargp,1.0,0.0,1,,dr0_s1
dr0_s3,tied,factor,6245.865,6240.865,6250.865,pargp,1.0,0.0,1,,dr0_s1
dr0_s4,tied,factor,6242.518,6237.518,6247.518,pargp,1.0,0.0,1,,dr0_s1
dr0_s5,tied,factor,6241.521,6236.521,6246.521,pargp,1.0,0.0,1,,dr0_s1
dr0_s6,tied,factor,6244.205,6239.205,6249.205,pargp,1.0,0.0,1,,dr0_s1
dr0_s7,tied,factor,6247.31,6242.31,6252.31,pargp,1.0,0.0,1,,dr0_s1
dr0_s8,tied,factor,6251.108,6246.108,6256.108,pargp,1.0,0.0,1,,dr0_s1
dr0_s9,tied,factor,6255.558,6250.558,6260.558,pargp,1.0,0.0,1,,dr0_s1
dr0_s10,tied,factor,6260.383,6255.383,6265.383,pargp,1.0,0.0,1,,dr0_s1
dr0_s11,tied,factor,6257.92,6252.92,6262.92,pargp,1.0,0.0,1,,dr0_s1
dr0_s12,tied,factor,6260.792,6255.792,6265.792,pargp,1.0,0.0,1,,dr0_s1
dr0_s13,tied,factor,6265.718,6260.718,6270.718,pargp,1.0,0.0,1,,dr0_s1
dr0_s14,tied,factor,6282.0,6277.0,6287.0,pargp,1.0,0.0,1,,dr0_s1
dr0_s15,tied,factor,6284.373,6279.373,6289.373,pargp,1.0,0.0,1,,dr0_s1
dr0_s16,tied,factor,6288.265,6283.265,6293.265,pargp,1.0,0.0,1,,dr0_s1
dr0_s17,tied,factor,6288.0,6283.0,6293.0,pargp,1.0,0.0,1,,dr0_s1
dr0_s18,tied,factor,6285.856,6280.856,6290.856,pargp,1.0,0.0,1,,dr0_s1
dr0_s19,tied,factor,6320.317,6315.317,6325.317,pargp,1.0,0.0,1,,dr0_s1
dr0_s20,tied,factor,6320.626,6315.626,6325.626,pargp,1.0,0.0,1,,dr0_s1
dr0_s21,tied,factor,6320.605,6315.605,6325.605,pargp,1.0,0.0,1,,dr0_s1
dr0_s22,tied,factor,6322.883,6317.883,6327.883,pargp,1.0,0.0,1,,dr0_s1
dr0_s23,tied,factor,6349.895,6344.895,6354.895,pargp,1.0,0.0,1,,dr0_s1
dr0_s24,tied,factor,6360.167,6355.167,6365.167,pargp,1.0,0.0,1,,dr0_s1
dr0_s25,tied,factor,6361.749,6356.749,6366.749,pargp,1.0,0.0,1,,dr0_s1
dr0_s26,tied,factor,6360.631,6355.631,6365.631,pargp,1.0,0.0,1,,dr0_s1
dr0_s27,tied,factor,6363.19,6358.19,6368.19,pargp,1.0,0.0,1,,dr0_s1
dr0_s28,tied,factor,6362.143,6357.143,6367.143,pargp,1.0,0.0,1,,dr0_s1
dr0_s29,tied,factor,6364.044,6359.044,6369.044,pargp,1.0,0.0,1,,dr0_s1
dr0_s30,tied,factor,6372.369,6367.369,6377.369,pargp,1.0,0.0,1,,dr0_s1
dr0_s31,tied,factor,6378.368,6373.368,6383.368,pargp,1.0,0.0,1,,dr0_s1
dr0_s32,tied,factor,6387.034,6382.034,6392.034,pargp,1.0,0.0,1,,dr0_s1
dr0u1,tied,factor,6245.023,6240.023,6250.023,pargp,1.0,0.0,1,,dr0_s1
dr0u2,tied,factor,6246.159,6241.159,6251.159,pargp,1.0,0.0,1,,dr0_s1
dr0u3,tied,factor,6245.865,6240.865,6250.865,pargp,1.0,0.0,1,,dr0_s1
dr0u4,tied,factor,6242.518,6237.518,6247.518,pargp,1.0,0.0,1,,dr0_s1
dr0u5,tied,factor,6241.521,6236.521,6246.521,pargp,1.0,0.0,1,,dr0_s1
dr0u6,tied,factor,6244.205,6239.205,6249.205,pargp,1.0,0.0,1,,dr0_s1
dr0u7,tied,factor,6247.31,6242.31,6252.31,pargp,1.0,0.0,1,,dr0_s1
dr0u8,tied,factor,6251.108,6246.108,6256.108,pargp,1.0,0.0,1,,dr0_s1
dr0u9,tied,factor,6255.558,6250.558,6260.558,pargp,1.0,0.0,1,,dr0_s1
dr0u10,tied,factor,6260.383,6255.383,6265.383,pargp,1.0,0.0,1,,dr0_s1
dr0u11,tied,factor,6257.92,6252.92,6262.92,pargp,1.0,0.0,1,,dr0_s1
dr0u12,tied,factor,6260.792,6255.792,6265.792,pargp,1.0,0.0,1,,dr0_s1
dr0u13,tied,factor,6265.718,6260.718,6270.718,pargp,1.0,0.0,1,,dr0_s1
dr0u14,tied,factor,6282.0,6277.0,6287.0,pargp,1.0,0.0,1,,dr0_s1
dr0u15,tied,factor,6284.373,6279.373,6289.373,pargp,1.0,0.0,1,,dr0_s1
dr0u16,tied,factor,6288.265,6283.265,6293.265,pargp,1.0,0.0,1,,dr0_s1
dr0u17,tied,factor,6288.0,6283.0,6293.0,pargp,1.0,0.0,1,,dr0_s1
dr0u18,tied,factor,6285.856,6280.856,6290.856,pargp,1.0,0.0,1,,dr0_s1
dr0u19,tied,factor,6320.317,6315.317,6325.317,pargp,1.0,0.0,1,,dr0_s1
dr0_s33,tied,factor,6396.57,6391.57,6401.57,pargp,1.0,0.0,1,,dr0_s1
dr0_s34,tied,factor,6402.439,6397.439,6407.439,pargp,1.0,0.0,1,,dr0_s1
dr0_s35,tied,factor,6404.674,6399.674,6409.674,pargp,1.0,0.0,1,,dr0_s1
dr0_s36,tied,factor,6402.712,6397.712,6407.712,pargp,1.0,0.0,1,,dr0_s1
dr0_s37,tied,factor,6413.432,6408.432,6418.432,pargp,1.0,0.0,1,,dr0_s1
dr0_s38,tied,factor,6435.758,6430.758,6440.758,pargp,1.0,0.0,1,,dr0_s1
dr0_s39,tied,factor,6440.452,6435.452,6445.452,pargp,1.0,0.0,1,,dr0_s1
dr0_s40,tied,factor,6443.314,6438.314,6448.314,pargp,1.0,0.0,1,,dr0_s1
dr0_s41,tied,factor,6238.259,6233.259,6243.259,pargp,1.0,0.0,1,,dr0_s1
dr0_s42,tied,factor,6242.779,6237.779,6247.779,pargp,1.0,0.0,1,,dr0_s1
dr0_s43,tied,factor,6250.293,6245.293,6255.293,pargp,1.0,0.0,1,,dr0_s1
dr0_s44,tied,factor,6257.039,6252.039,6262.039,pargp,1.0,0.0,1,,dr0_s1
dr0_s45,tied,factor,6272.677,6267.677,6277.677,pargp,1.0,0.0,1,,dr0_s1
dr0_s46,tied,factor,6266.984,6261.984,6271.984,pargp,1.0,0.0,1,,dr0_s1
dr0_s47,tied,factor,6264.688,6259.688,6269.688,pargp,1.0,0.0,1,,dr0_s1
dr0_s48,tied,factor,6277.782,6272.782,6282.782,pargp,1.0,0.0,1,,dr0_s1
dr0_s49,tied,factor,6274.29,6269.29,6279.29,pargp,1.0,0.0,1,,dr0_s1
dr0_s50,tied,factor,6283.646,6278.646,6288.646,pargp,1.0,0.0,1,,dr0_s1
dr0_s51,tied,factor,6306.0,6301.0,6311.0,pargp,1.0,0.0,1,,dr0_s1
dr0_s52,tied,factor,6305.32,6300.32,6310.32,pargp,1.0,0.0,1,,dr0_s1
dr0_s53,tied,factor,6346.99,6341.99,6351.99,pargp,1.0,0.0,1,,dr0_s1
dr0_s54,tied,factor,6350.605,6345.605,6355.605,pargp,1.0,0.0,1,,dr0_s1
dr0_s55,tied,factor,6339.759,6334.759,6344.759,pargp,1.0,0.0,1,,dr0_s1
dr0_s56,tied,factor,6312.065,6307.065,6317.065,pargp,1.0,0.0,1,,dr0_s1
dr0_s57,tied,factor,6319.922,6314.922,6324.922,pargp,1.0,0.0,1,,dr0_s1
dr0_s58,tied,factor,6334.0,6329.0,6339.0,pargp,1.0,0.0,1,,dr0_s1
dr0_s59,tied,factor,6340.682,6335.682,6345.682,pargp,1.0,0.0,1,,dr0_s1
dr0_s60,tied,factor,6346.605,6341.605,6351.605,pargp,1.0,0.0,1,,dr0_s1
dr0_s61,tied,factor,6358.982,6353.982,6363.982,pargp,1.0,0.0,1,,dr0_s1
dr0_s62,tied,factor,6363.058,6358.058,6368.058,pargp,1.0,0.0,1,,dr0_s1
dr0_s63,tied,factor,6374.489,6369.489,6379.489,pargp,1.0,0.0,1,,dr0_s1
dr0_s64,tied,factor,6390.591,6385.591,6395.591,pargp,1.0,0.0,1,,dr0_s1
dr0u20,tied,factor,6320.626,6315.626,6325.626,pargp,1.0,0.0,1,,dr0_s1
dr0u21,tied,factor,6320.605,6315.605,6325.605,pargp,1.0,0.0,1,,dr0_s1
dr0u22,tied,factor,6322.883,6317.883,6327.883,pargp,1.0,0.0,1,,dr0_s1
dr0u23,tied,factor,6349.895,6344.895,6354.895,pargp,1.0,0.0,1,,dr0_s1
dr0u24,tied,factor,6360.167,6355.167,6365.167,pargp,1.0,0.0,1,,dr0_s1
dr0u25,tied,factor,6361.749,6356.749,6366.749,pargp,1.0,0.0,1,,dr0_s1
dr0u26,tied,factor,6360.631,6355.631,6365.631,pargp,1.0,0.0,1,,dr0_s1
dr0u27,tied,factor,6363.19,6358.19,6368.19,pargp,1.0,0.0,1,,dr0_s1
dr0u28,tied,factor,6362.143,6357.143,6367.143,pargp,1.0,0.0,1,,dr0_s1
dr0u29,tied,factor,6364.044,6359.044,6369.044,pargp,1.0,0.0,1,,dr0_s1
dr0u30,tied,factor,6372.369,6367.369,6377.369,pargp,1.0,0.0,1,,dr0_s1
dr0u31,tied,factor,6378.368,6373.368,6383.368,pargp,1.0,0.0,1,,dr0_s1
dr0u32,tied,factor,6387.034,6382.034,6392.034,pargp,1.0,0.0,1,,dr0_s1
dr0u33,tied,factor,6396.57,6391.57,6401.57,pargp,1.0,0.0,1,,dr0_s1
dr0u34,tied,factor,6402.439,6397.439,6407.439,pargp,1.0,0.0,1,,dr0_s1
dr0u35,tied,factor,6404.674,6399.674,6409.674,pargp,1.0,0.0,1,,dr0_s1
dr0u36,tied,factor,6402.712,6397.712,6407.712,pargp,1.0,0.0,1,,dr0_s1
dr0u37,tied,factor,6413.432,6408.432,6418.432,pargp,1.0,0.0,1,,dr0_s1
dr0u38,tied,factor,6435.758,6430.758,6440.758,pargp,1.0,0.0,1,,dr0_s1
dr0_s65,tied,factor,6391.677,6386.677,6396.677,pargp,1.0,0.0,1,,dr0_s1
dr0_s66,tied,factor,6385.37,6380.37,6390.37,pargp,1.0,0.0,1,,dr0_s1
dr0_s67,tied,factor,6381.687,6376.687,6386.687,pargp,1.0,0.0,1,,dr0_s1
dr0_s68,tied,factor,6381.997,6376.997,6386.997,pargp,1.0,0.0,1,,dr0_s1
dr0_s69,tied,factor,6387.044,6382.044,6392.044,pargp,1.0,0.0,1,,dr0_s1
dr0_s70,tied,factor,6390.332,6385.332,6395.332,pargp,1.0,0.0,1,,dr0_s1
dr0_s71,tied,factor,6391.484,6386.484,6396.484,pargp,1.0,0.0,1,,dr0_s1
dr0_s72,tied,factor,6391.808,6386.808,6396.808,pargp,1.0,0.0,1,,dr0_s1
dr0_s73,tied,factor,6392.128,6387.128,6397.128,pargp,1.0,0.0,1,,dr0_s1
dr0_s74,tied,factor,6392.127,6387.127,6397.127,pargp,1.0,0.0,1,,dr0_s1
dr0_s75,tied,factor,6394.74,6389.74,6399.74,pargp,1.0,0.0,1,,dr0_s1
dr0_s76,tied,factor,6394.364,6389.364,6399.364,pargp,1.0,0.0,1,,dr0_s1
dr0_s77,tied,factor,6392.127,6387.127,6397.127,pargp,1.0,0.0,1,,dr0_s1
dr0_s78,tied,factor,6373.755,6368.755,6378.755,pargp,1.0,0.0,1,,dr0_s1
dr0_s79,tied,factor,6373.755,6368.755,6378.755,pargp,1.0,0.0,1,,dr0_s1
dr0_s80,tied,factor,6373.755,6368.755,6378.755,pargp,1.0,0.0,1,,dr0_s1
dr0_s81,tied,factor,6373.752,6368.752,6378.752,pargp,1.0,0.0,1,,dr0_s1
dr0_s82,tied,factor,6373.796,6368.796,6378.796,pargp,1.0,0.0,1,,dr0_s1
dr0_s83,tied,factor,6373.755,6368.755,6378.755,pargp,1.0,0.0,1,,dr0_s1
dr0_s84,tied,factor,6373.755,6368.755,6378.755,pargp,1.0,0.0,1,,dr0_s1
dr0_s85,tied,factor,6373.755,6368.755,6378.755,pargp,1.0,0.0,1,,dr0_s1
dr0_s86,tied,factor,6373.755,6368.755,6378.755,pargp,1.0,0.0,1,,dr0_s1
dr0_s87,tied,factor,6383.819,6378.819,6388.819,pargp,1.0,0.0,1,,dr0_s1
dr0_s88,tied,factor,6395.759,6390.759,6400.759,pargp,1.0,0.0,1,,dr0_s1
dr0_s89,tied,factor,6395.417,6390.417,6400.417,pargp,1.0,0.0,1,,dr0_s1
dr0_s90,tied,factor,6395.857,6390.857,6400.857,pargp,1.0,0.0,1,,dr0_s1
dr0_s91,tied,factor,6395.188,6390.188,6400.188,pargp,1.0,0.0,1,,dr0_s1
dr0_s92,tied,factor,6235.85,6230.85,6240.85,pargp,1.0,0.0,1,,dr0_s1
dr0_s93,tied,factor,6237.61,6232.61,6242.61,pargp,1.0,0.0,1,,dr0_s1
dr0_s94,tied,factor,6237.38,6232.38,6242.38,pargp,1.0,0.0,1,,dr0_s1
dr0_s95,tied,factor,6241.35,6236.35,6246.35,pargp,1.0,0.0,1,,dr0_s1
dr0_s96,tied,factor,6286.77,6281.77,6291.77,pargp,1.0,0.0,1,,dr0_s1
dr0u39,tied,factor,6440.452,6435.452,6445.452,pargp,1.0,0.0,1,,dr0_s1
dr0u40,tied,factor,6443.314,6438.314,6448.314,pargp,1.0,0.0,1,,dr0_s1
dr0u41,tied,factor,6238.259,6233.259,6243.259,pargp,1.0,0.0,1,,dr0_s1
dr0u42,tied,factor,6242.779,6237.779,6247.779,pargp,1.0,0.0,1,,dr0_s1
dr0u43,tied,factor,6250.293,6245.293,6255.293,pargp,1.0,0.0,1,,dr0_s1
dr0u44,tied,factor,6257.039,6252.039,6262.039,pargp,1.0,0.0,1,,dr0_s1
dr0u45,tied,factor,6272.677,6267.677,6277.677,pargp,1.0,0.0,1,,dr0_s1
dr0u46,tied,factor,6266.984,6261.984,6271.984,pargp,1.0,0.0,1,,dr0_s1
dr0u47,tied,factor,6264.688,6259.688,6269.688,pargp,1.0,0.0,1,,dr0_s1
dr0u48,tied,factor,6277.782,6272.782,6282.782,pargp,1.0,0.0,1,,dr0_s1
dr0u49,tied,factor,6274.29,6269.29,6279.29,pargp,1.0,0.0,1,,dr0_s1
dr0u50,tied,factor,6283.646,6278.646,6288.646,pargp,1.0,0.0,1,,dr0_s1
dr0u51,tied,factor,6306.0,6301.0,6311.0,pargp,1.0,0.0,1,,dr0_s1
dr0u52,tied,factor,6305.32,6300.32,6310.32,pargp,1.0,0.0,1,,dr0_s1
dr0u53,tied,factor,6346.99,6341.99,6351.99,pargp,1.0,0.0,1,,dr0_s1
dr0u54,tied,factor,6350.605,6345.605,6355.605,pargp,1.0,0.0,1,,dr0_s1
dr0u55,tied,factor,6339.759,6334.759,6344.759,pargp,1.0,0.0,1,,dr0_s1
dr0u56,tied,factor,6312.065,6307.065,6317.065,pargp,1.0,0.0,1,,dr0_s1
dr0_s97,tied,factor,6287.57,6282.57,6292.57,pargp,1.0,0.0,1,,dr0_s1
dr0_s98,tied,factor,6290.14,6285.14,6295.14,pargp,1.0,0.0,1,,dr0_s1
dr0_s99,tied,factor,6290.73,6285.73,6295.73,pargp,1.0,0.0,1,,dr0_s1
dr0_s100,tied,factor,6309.47,6304.47,6314.47,pargp,1.0,0.0,1,,dr0_s1
dr0_s101,tied,factor,6320.62,6315.62,6325.62,pargp,1.0,0.0,1,,dr0_s1
dr0_s102,tied,factor,6373.75,6368.75,6378.75,pargp,1.0,0.0,1,,dr0_s1
dr0_s103,tied,factor,6373.75,6368.75,6378.75,pargp,1.0,0.0,1,,dr0_s1
dr0_s104,tied,factor,6373.75,6368.75,6378.75,pargp,1.0,0.0,1,,dr0_s1
dr0_s105,tied,factor,6394.14,6389.14,6399.14,pargp,1.0,0.0,1,,dr0_s1
dr0_s106,tied,factor,6394.45,6389.45,6399.45,pargp,1.0,0.0,1,,dr0_s1
dr0_s107,tied,factor,6393.85,6388.85,6398.85,pargp,1.0,0.0,1,,dr0_s1
dr0_s108,tied,factor,6393.61,6388.61,6398.61,pargp,1.0,0.0,1,,dr0_s1
dr0_s109,tied,factor,6392.13,6387.13,6397.13,pargp,1.0,0.0,1,,dr0_s1
dr0_s110,tied,factor,6392.13,6387.13,6397.13,pargp,1.0,0.0,1,,dr0_s1
dr0_s111,tied,factor,6424.92,6419.92,6429.92,pargp,1.0,0.0,1,,dr0_s1
dr0_s112,tied,factor,6454.03,6449.03,6459.03,pargp,1.0,0.0,1,,dr0_s1
dr0_s113,tied,factor,6342.0,6337.0,6347.0,pargp,1.0,0.0,1,,dr0_s1
dr6_s113,none,factor,6469.0,6464.0,6474.0,pargp,1.0,0.0,1,,
dr6_s114,tied,factor,6469.0,6464.0,6474.0,pargp,1.0,0.0,1,,dr6_s113
dr4_s178,none,factor,6494.0,6489.0,6499.0,pargp,1.0,0.0,1,,
dr4_s179,tied,factor,6494.0,6489.0,6499.0,pargp,1.0,0.0,1,,dr4_s178
dr4_s180,tied,factor,6494.0,6489.0,6499.0,pargp,1.0,0.0,1,,dr4_s178
dr4_s177,tied,factor,6494.0,6489.0,6499.0,pargp,1.0,0.0,1,,dr4_s178
dr5_s115,none,factor,6330.0,6325.0,6335.0,pargp,1.0,0.0,1,,
dr5_s116,tied,factor,6330.0,6325.0,6335.0,pargp,1.0,0.0,1,,dr5_s115
dr5_s117,tied,factor,6330.0,6325.0,6335.0,pargp,1.0,0.0,1,,dr5_s115
dr5_s118,tied,factor,6330.0,6325.0,6335.0,pargp,1.0,0.0,1,,dr5_s115
dr5_s119,tied,factor,6330.0,6325.0,6335.0,pargp,1.0,0.0,1,,dr5_s115
dr5_s120,tied,factor,6330.0,6325.0,6335.0,pargp,1.0,0.0,1,,dr5_s115
dr5_s121,tied,factor,6330.0,6325.0,6335.0,pargp,1.0,0.0,1,,dr5_s115
dr5_s122,tied,factor,6330.0,6325.0,6335.0,pargp,1.0,0.0,1,,dr5_s115
dr5_s123,tied,factor,6330.0,6325.0,6335.0,pargp,1.0,0.0,1,,dr5_s115
dr5_s124,tied,factor,6330.0,6325.0,6335.0,pargp,1.0,0.0,1,,dr5_s115
dr5_s125,tied,factor,6330.0,6325.0,6335.0,pargp,1.0,0.0,1,,dr5_s115
dr5_s126,tied,factor,6330.0,6325.0,6335.0,pargp,1.0,0.0,1,,dr5_s115
dr5_s127,tied,factor,6330.0,6325.0,6335.0,pargp,1.0,0.0,1,,dr5_s115
dr5_s128,tied,factor,6330.0,6325.0,6335.0,pargp,1.0,0.0,1,,dr5_s115
dr5_s129,tied,factor,6330.0,6325.0,6335.0,pargp,1.0,0.0,1,,dr5_s115
dr5_s130,tied,factor,6330.0,6325.0,6335.0,pargp,1.0,0.0,1,,dr5_s115
dr5_s131,tied,factor,6330.0,6325.0,6335.0,pargp,1.0,0.0,1,,dr5_s115
dr5_s132,tied,factor,6330.0,6325.0,6335.0,pargp,1.0,0.0,1,,dr5_s115
dr5_s133,tied,factor,6330.0,6325.0,6335.0,pargp,1.0,0.0,1,,dr5_s115
dr5_s134,tied,factor,6330.0,6325.0,6335.0,pargp,1.0,0.0,1,,dr5_s115
dr5_s135,tied,factor,6330.0,6325.0,6335.0,pargp,1.0,0.0,1,,dr5_s115
dr5_s136,tied,factor,6330.0,6325.0,6335.0,pargp,1.0,0.0,1,,dr5_s115
dr5_s137,tied,factor,6330.0,6325.0,6335.0,pargp,1.0,0.0,1,,dr5_s115
dr5_s138,tied,factor,6330.0,6325.0,6335.0,pargp,1.0,0.0,1,,dr5_s115
dr5_s139,tied,factor,6330.0,6325.0,6335.0,pargp,1.0,0.0,1,,dr5_s115
dr5_s140,tied,factor,6330.0,6325.0,6335.0,pargp,1.0,0.0,1,,dr5_s115
dr5_s141,tied,factor,6330.0,6325.0,6335.0,pargp,1.0,0.0,1,,dr5_s115
dr5_s142,tied,factor,6330.0,6325.0,6335.0,pargp,1.0,0.0,1,,dr5_s115
dr5_s143,tied,factor,6330.0,6325.0,6335.0,pargp,1.0,0.0,1,,dr5_s115
dr5_s144,tied,factor,6330.0,6325.0,6335.0,pargp,1.0,0.0,1,,dr5_s115
dr5_s145,tied,factor,6330.0,6325.0,6335.0,pargp,1.0,0.0,1,,dr5_s115
dr5_s146,tied,factor,6330.0,6325.0,6335.0,pargp,1.0,0.0,1,,dr5_s115
dr5_s147,tied,factor,6330.0,6325.0,6335.0,pargp,1.0,0.0,1,,dr5_s115
dr5_s148,tied,factor,6330.0,6325.0,6335.0,pargp,1.0,0.0,1,,dr5_s115
dr5_s149,tied,factor,6330.0,6325.0,6335.0,pargp,1.0,0.0,1,,dr5_s115
dr5_s150,tied,factor,6330.0,6325.0,6335.0,pargp,1.0,0.0,1,,dr5_s115
dr5_s151,tied,factor,6330.0,6325.0,6335.0,pargp,1.0,0.0,1,,dr5_s115
dr5_s152,tied,factor,6330.0,6325.0,6335.0,pargp,1.0,0.0,1,,dr5_s115
dr5_s153,tied,factor,6330.0,6325.0,6335.0,pargp,1.0,0.0,1,,dr5_s115
dr5_s154,tied,factor,6330.0,6325.0,6335.0,pargp,1.0,0.0,1,,dr5_s115
dr5_s155,tied,factor,6330.0,6325.0,6335.0,pargp,1.0,0.0,1,,dr5_s115
dr5_s156,tied,factor,6330.0,6325.0,6335.0,pargp,1.0,0.0,1,,dr5_s115
dr5_s157,tied,factor,6330.0,6325.0,6335.0,pargp,1.0,0.0,1,,dr5_s115
dr5_s158,tied,factor,6330.0,6325.0,6335.0,pargp,1.0,0.0,1,,dr5_s115
dr5_s159,tied,factor,6330.0,6325.0,6335.0,pargp,1.0,0.0,1,,dr5_s115
dr5_s160,tied,factor,6330.0,6325.0,6335.0,pargp,1.0,0.0,1,,dr5_s115
dr5_s161,tied,factor,6330.0,6325.0,6335.0,pargp,1.0,0.0,1,,dr5_s115
dr5_s162,tied,factor,6330.0,6325.0,6335.0,pargp,1.0,0.0,1,,dr5_s115
dr5_s163,tied,factor,6330.0,6325.0,6335.0,pargp,1.0,0.0,1,,dr5_s115
dr5_s164,tied,factor,6330.0,6325.0,6335.0,pargp,1.0,0.0,1,,dr5_s115
dr5_s165,tied,factor,6330.0,6325.0,6335.0,pargp,1.0,0.0,1,,dr5_s115
dr5_s166,tied,factor,6330.0,6325.0,6335.0,pargp,1.0,0.0,1,,dr5_s115
dr5_s167,tied,factor,6330.0,6325.0,6335.0,pargp,1.0,0.0,1,,dr5_s115
dr5_s168,tied,factor,6330.0,6325.0,6335.0,pargp,1.0,0.0,1,,dr5_s115
dr5_s169,tied,factor,6330.0,6325.0,6335.0,pargp,1.0,0.0,1,,dr5_s115
dr5_s170,tied,factor,6330.0,6325.0,6335.0,pargp,1.0,0.0,1,,dr5_s115
dr5_s171,tied,factor,6330.0,6325.0,6335.0,pargp,1.0,0.0,1,,dr5_s115
dr5_s172,tied,factor,6330.0,6325.0,6335.0,pargp,1.0,0.0,1,,dr5_s115
dr5_s173,tied,factor,6330.0,6325.0,6335.0,pargp,1.0,0.0,1,,dr5_s115
dr5_s174,tied,factor,6330.0,6325.0,6335.0,pargp,1.0,0.0,1,,dr5_s115
dr5_s175,tied,factor,6330.0,6325.0,6335.0,pargp,1.0,0.0,1,,dr5_s115
dr5_s176,tied,factor,6330.0,6325.0,6335.0,pargp,1.0,0.0,1,,dr5_s115
dr0u57,tied,factor,6319.922,6314.922,6324.922,pargp,1.0,0.0,1,,dr0_s1
dr0u58,tied,factor,6334.0,6329.0,6339.0,pargp,1.0,0.0,1,,dr0_s1
dr0u59,tied,factor,6340.682,6335.682,6345.682,pargp,1.0,0.0,1,,dr0_s1
dr0u60,tied,factor,6346.605,6341.605,6351.605,pargp,1.0,0.0,1,,dr0_s1
dr0u61,tied,factor,6358.982,6353.982,6363.982,pargp,1.0,0.0,1,,dr0_s1
dr0u62,tied,factor,6363.058,6358.058,6368.058,pargp,1.0,0.0,1,,dr0_s1
dr0u63,tied,factor,6374.489,6369.489,6379.489,pargp,1.0,0.0,1,,dr0_s1
dr0u64,tied,factor,6390.591,6385.591,6395.591,pargp,1.0,0.0,1,,dr0_s1
dr0u65,tied,factor,6391.677,6386.677,6396.677,pargp,1.0,0.0,1,,dr0_s1
dr0u66,tied,factor,6385.37,6380.37,6390.37,pargp,1.0,0.0,1,,dr0_s1
dr0u67,tied,factor,6381.687,6376.687,6386.687,pargp,1.0,0.0,1,,dr0_s1
dr0u68,tied,factor,6381.997,6376.997,6386.997,pargp,1.0,0.0,1,,dr0_s1
dr0u69,tied,factor,6387.044,6382.044,6392.044,pargp,1.0,0.0,1,,dr0_s1
dr0u70,tied,factor,6390.332,6385.332,6395.332,pargp,1.0,0.0,1,,dr0_s1
dr0u71,tied,factor,6391.484,6386.484,6396.484,pargp,1.0,0.0,1,,dr0_s1
dr0u72,tied,factor,6391.808,6386.808,6396.808,pargp,1.0,0.0,1,,dr0_s1
dr0u73,tied,factor,6392.128,6387.128,6397.128,pargp,1.0,0.0,1,,dr0_s1
dr0u74,tied,factor,6392.127,6387.127,6397.127,pargp,1.0,0.0,1,,dr0_s1
dr0u75,tied,factor,6394.74,6389.74,6399.74,pargp,1.0,0.0,1,,dr0_s1
dr0u76,tied,factor,6394.364,6389.364,6399.364,pargp,1.0,0.0,1,,dr0_s1
dr0u77,tied,factor,6392.127,6387.127,6397.127,pargp,1.0,0.0,1,,dr0_s1
dr0u78,tied,factor,6373.755,6368.755,6378.755,pargp,1.0,0.0,1,,dr0_s1
dr0u79,tied,factor,6373.755,6368.755,6378.755,pargp,1.0,0.0,1,,dr0_s1
dr0u80,tied,factor,6373.755,6368.755,6378.755,pargp,1.0,0.0,1,,dr0_s1
dr0u81,tied,factor,6373.752,6368.752,6378.752,pargp,1.0,0.0,1,,dr0_s1
dr0u82,tied,factor,6373.796,6368.796,6378.796,pargp,1.0,0.0,1,,dr0_s1
dr0u83,tied,factor,6373.755,6368.755,6378.755,pargp,1.0,0.0,1,,dr0_s1
dr0u84,tied,factor,6373.755,6368.755,6378.755,pargp,1.0,0.0,1,,dr0_s1
dr0u85,tied,factor,6373.755,6368.755,6378.755,pargp,1.0,0.0,1,,dr0_s1
dr0u86,tied,factor,6373.755,6368.755,6378.755,pargp,1.0,0.0,1,,dr0_s1
dr0u87,tied,factor,6383.819,6378.819,6388.819,pargp,1.0,0.0,1,,dr0_s1
dr0u88,tied,factor,6395.759,6390.759,6400.759,pargp,1.0,0.0,1,,dr0_s1
dr0u89,tied,factor,6395.417,6390.417,6400.417,pargp,1.0,0.0,1,,dr0_s1
dr0u90,tied,factor,6395.857,6390.857,6400.857,pargp,1.0,0.0,1,,dr0_s1
dr0u91,tied,factor,6395.188,6390.188,6400.188,pargp,1.0,0.0,1,,dr0_s1
dr0u92,tied,factor,6235.85,6230.85,6240.85,pargp,1.0,0.0,1,,dr0_s1
dr0u93,tied,factor,6237.61,6232.61,6242.61,pargp,1.0,0.0,1,,dr0_s1
dr0u94,tied,factor,6237.38,6232.38,6242.38,pargp,1.0,0.0,1,,dr0_s1
dr0u95,tied,factor,6241.35,6236.35,6246.35,pargp,1.0,0.0,1,,dr0_s1
dr0u96,tied,factor,6286.77,6281.77,6291.77,pargp,1.0,0.0,1,,dr0_s1
dr0u97,tied,factor,6287.57,6282.57,6292.57,pargp,1.0,0.0,1,,dr0_s1
dr0u98,tied,factor,6290.14,6285.14,6295.14,pargp,1.0,0.0,1,,dr0_s1
dr0u99,tied,factor,6290.73,6285.73,6295.73,pargp,1.0,0.0,1,,dr0_s1
dr0u100,tied,factor,6309.47,6304.47,6314.47,pargp,1.0,0.0,1,,dr0_s1
dr0u101,tied,factor,6320.62,6315.62,6325.62,pargp,1.0,0.0,1,,dr0_s1
dr0u102,tied,factor,6373.75,6368.75,6378.75,pargp,1.0,0.0,1,,dr0_s1
dr0u103,tied,factor,6373.75,6368.75,6378.75,pargp,1.0,0.0,1,,dr0_s1
dr0u104,tied,factor,6373.75,6368.75,6378.75,pargp,1.0,0.0,1,,dr0_s1
dr0u105,tied,factor,6394.14,6389.14,6399.14,pargp,1.0,0.0,1,,dr0_s1
dr0u106,tied,factor,6394.45,6389.45,6399.45,pargp,1.0,0.0,1,,dr0_s1
dr0u107,tied,factor,6393.85,6388.85,6398.85,pargp,1.0,0.0,1,,dr0_s1
dr0u108,tied,factor,6393.61,6388.61,6398.61,pargp,1.0,0.0,1,,dr0_s1
dr0u109,tied,factor,6392.13,6387.13,6397.13,pargp,1.0,0.0,1,,dr0_s1
dr0u110,tied,factor,6392.13,6387.13,6397.13,pargp,1.0,0.0,1,,dr0_s1
dr0u111,tied,factor,6424.92,6419.92,6429.92,pargp,1.0,0.0,1,,dr0_s1
dr0u112,tied,factor,6454.03,6449.03,6459.03,pargp,1.0,0.0,1,,dr0_s1
dr0u113,tied,factor,6342.0,6337.0,6347.0,pargp,1.0,0.0,1,,dr0_s1
dr6u113,none,factor,6469.0,6464.0,6474.0,pargp,1.0,0.0,1,,
dr6u114,tied,factor,6469.0,6464.0,6474.0,pargp,1.0,0.0,1,,dr6u113
dr4u115,none,factor,6494.0,6489.0,6499.0,pargp,1.0,0.0,1,,
dr4u116,tied,factor,6494.0,6489.0,6499.0,pargp,1.0,0.0,1,,dr4u115
dr4u117,tied,factor,6494.0,6489.0,6499.0,pargp,1.0,0.0,1,,dr4u115
dr4u118,tied,factor,6494.0,6489.0,6499.0,pargp,1.0,0.0,1,,dr4u115
dr5u119,none,factor,6330.0,6325.0,6335.0,pargp,1.0,0.0,1,,
dr5u120,tied,factor,6330.0,6325.0,6335.0,pargp,1.0,0.0,1,,dr5u119
dr5u121,tied,factor,6330.0,6325.0,6335.0,pargp,1.0,0.0,1,,dr5u119
dr5u122,tied,factor,6330.0,6325.0,6335.0,pargp,1.0,0.0,1,,dr5u119
dr5u123,tied,factor,6330.0,6325.0,6335.0,pargp,1.0,0.0,1,,dr5u119
dr5u124,tied,factor,6330.0,6325.0,6335.0,pargp,1.0,0.0,1,,dr5u119
dr5u125,tied,factor,6330.0,6325.0,6335.0,pargp,1.0,0.0,1,,dr5u119
dr5u126,tied,factor,6330.0,6325.0,6335.0,pargp,1.0,0.0,1,,dr5u119
dr5u127,tied,factor,6330.0,6325.0,6335.0,pargp,1.0,0.0,1,,dr5u119
dr5u128,tied,factor,6330.0,6325.0,6335.0,pargp,1.0,0.0,1,,dr5u119
dr5u129,tied,factor,6330.0,6325.0,6335.0,pargp,1.0,0.0,1,,dr5u119
dr5u130,tied,factor,6330.0,6325.0,6335.0,pargp,1.0,0.0,1,,dr5u119
dr5u131,tied,factor,6330.0,6325.0,6335.0,pargp,1.0,0.0,1,,dr5u119
dr5u132,tied,factor,6330.0,6325.0,6335.0,pargp,1.0,0.0,1,,dr5u119
dr5u133,tied,factor,6330.0,6325.0,6335.0,pargp,1.0,0.0,1,,dr5u119
dr5u134,tied,factor,6330.0,6325.0,6335.0,pargp,1.0,0.0,1,,dr5u119
dr5u135,tied,factor,6330.0,6325.0,6335.0,pargp,1.0,0.0,1,,dr5u119
dr5u136,tied,factor,6330.0,6325.0,6335.0,pargp,1.0,0.0,1,,dr5u119
dr5u137,tied,factor,6330.0,6325.0,6335.0,pargp,1.0,0.0,1,,dr5u119
dr5u138,tied,factor,6330.0,6325.0,6335.0,pargp,1.0,0.0,1,,dr5u119
dr5u139,tied,factor,6330.0,6325.0,6335.0,pargp,1.0,0.0,1,,dr5u119
dr5u140,tied,factor,6330.0,6325.0,6335.0,pargp,1.0,0.0,1,,dr5u119
dr5u141,tied,factor,6330.0,6325.0,6335.0,pargp,1.0,0.0,1,,dr5u119
dr5u142,tied,factor,6330.0,6325.0,6335.0,pargp,1.0,0.0,1,,dr5u119
dr5u143,tied,factor,6330.0,6325.0,6335.0,pargp,1.0,0.0,1,,dr5u119
dr5u144,tied,factor,6330.0,6325.0,6335.0,pargp,1.0,0.0,1,,dr5u119
dr5u145,tied,factor,6330.0,6325.0,6335.0,pargp,1.0,0.0,1,,dr5u119
dr5u146,tied,factor,6330.0,6325.0,6335.0,pargp,1.0,0.0,1,,dr5u119
dr5u147,tied,factor,6330.0,6325.0,6335.0,pargp,1.0,0.0,1,,dr5u119
dr5u148,tied,factor,6330.0,6325.0,6335.0,pargp,1.0,0.0,1,,dr5u119
dr5u149,tied,factor,6330.0,6325.0,6335.0,pargp,1.0,0.0,1,,dr5u119
dr5u150,tied,factor,6330.0,6325.0,6335.0,pargp,1.0,0.0,1,,dr5u119
dr5u151,tied,factor,6330.0,6325.0,6335.0,pargp,1.0,0.0,1,,dr5u119
dr5u152,tied,factor,6330.0,6325.0,6335.0,pargp,1.0,0.0,1,,dr5u119
dr5u153,tied,factor,6330.0,6325.0,6335.0,pargp,1.0,0.0,1,,dr5u119
dr5u154,tied,factor,6330.0,6325.0,6335.0,pargp,1.0,0.0,1,,dr5u119
dr5u155,tied,factor,6330.0,6325.0,6335.0,pargp,1.0,0.0,1,,dr5u119
dr5u156,tied,factor,6330.0,6325.0,6335.0,pargp,1.0,0.0,1,,dr5u119
dr5u157,tied,factor,6330.0,6325.0,6335.0,pargp,1.0,0.0,1,,dr5u119
dr5u158,tied,factor,6330.0,6325.0,6335.0,pargp,1.0,0.0,1,,dr5u119
dr5u159,tied,factor,6330.0,6325.0,6335.0,pargp,1.0,0.0,1,,dr5u119
dr5u160,tied,factor,6330.0,6325.0,6335.0,pargp,1.0,0.0,1,,dr5u119
dr5u161,tied,factor,6330.0,6325.0,6335.0,pargp,1.0,0.0,1,,dr5u119
dr5u162,tied,factor,6330.0,6325.0,6335.0,pargp,1.0,0.0,1,,dr5u119
dr5u163,tied,factor,6330.0,6325.0,6335.0,pargp,1.0,0.0,1,,dr5u119
dr5u164,tied,factor,6330.0,6325.0,6335.0,pargp,1.0,0.0,1,,dr5u119
dr5u165,tied,factor,6330.0,6325.0,6335.0,pargp,1.0,0.0,1,,dr5u119
dr5u166,tied,factor,6330.0,6325.0,6335.0,pargp,1.0,0.0,1,,dr5u119
dr5u167,tied,factor,6330.0,6325.0,6335.0,pargp,1.0,0.0,1,,dr5u119
dr5u168,tied,factor,6330.0,6325.0,6335.0,pargp,1.0,0.0,1,,dr5u119
dr5u169,tied,factor,6330.0,6325.0,6335.0,pargp,1.0,0.0,1,,dr5u119
dr5u170,tied,factor,6330.0,6325.0,6335.0,pargp,1.0,0.0,1,,dr5u119
dr5u171,tied,factor,6330.0,6325.0,6335.0,pargp,1.0,0.0,1,,dr5u119
dr5u172,tied,factor,6330.0,6325.0,6335.0,pargp,1.0,0.0,1,,dr5u119
dr5u173,tied,factor,6330.0,6325.0,6335.0,pargp,1.0,0.0,1,,dr5u119
dr5u174,tied,factor,6330.0,6325.0,6335.0,pargp,1.0,0.0,1,,dr5u119
dr5u175,tied,factor,6330.0,6325.0,6335.0,pargp,1.0,0.0,1,,dr5u119
dr5u176,tied,factor,6330.0,6325.0,6335.0,pargp,1.0,0.0,1,,dr5u119
dr5u177,tied,factor,6330.0,6325.0,6335.0,pargp,1.0,0.0,1,,dr5u119
dr5u178,tied,factor,6330.0,6325.0,6335.0,pargp,1.0,0.0,1,,dr5u119
dr5u179,tied,factor,6330.0,6325.0,6335.0,pargp,1.0,0.0,1,,dr5u119
dr5u180,tied,factor,6330.0,6325.0,6335.0,pargp,1.0,0.0,1,,dr5u119
hfb_r0,fixed,factor,1e-05,1e-05,1e-05,pargp,1.0,0.0,1,,
hfb_r1,log,factor,1e-08,1e-08,1e-08,pargp,1.0,0.0,1,,
hfb_r2,log,factor,1e-05,1e-07,0.001,pargp,1.0,0.0,1,,
hfb_r3,log,factor,1e-08,1.1e-10,1e-06,pargp,1.0,0.0,1,,
hfb_r4,log,factor,1e-08,1.1e-10,1e-06,pargp,1.0,0.0,1,,
k_z1,log,factor,4.0,0.04,400.0,pargp,1.0,0.0,1,,
k_z10,log,factor,4.0,0.04,400.0,pargp,1.0,0.0,1,,
k_z12,tied,factor,1e-06,1e-08,0.0001,pargp,1.0,0.0,1,,k_z3
k_z13,tied,factor,0.001,1e-05,0.1,pargp,1.0,0.0,1,,k_z4
k_z14,tied,factor,0.001,1e-05,0.1,pargp,1.0,0.0,1,,k_z4
k_z15,tied,factor,2.5,0.025,250.0,pargp,1.0,0.0,1,,k_z8
k_z16,log,factor,18.0,0.18,1800.0,pargp,1.0,0.0,1,,
k_z18,log,factor,7.0,0.07,700.0,pargp,1.0,0.0,1,,
k_z19,tied,factor,7.0,0.07,700.0,pargp,1.0,0.0,1,,k_z18
k_z2,log,factor,1.0,0.01,100.0,pargp,1.0,0.0,1,,
k_z20,log,factor,0.5,0.005,50.0,pargp,1.0,0.0,1,,
k_z22,log,factor,1e-05,1e-07,0.001,pargp,1.0,0.0,1,,
k_z23,log,factor,0.01,0.0001,1.0,pargp,1.0,0.0,1,,
k_z24,tied,factor,0.01,0.0001,1.0,pargp,1.0,0.0,1,,k_z23
k_z3,log,factor,1e-06,1e-08,0.0001,pargp,1.0,0.0,1,,
k_z4,log,factor,0.001,1e-05,0.1,pargp,1.0,0.0,1,,
k_z5,fixed,factor,1e-07,1e-07,1e-07,pargp,1.0,0.0,1,,
k_z6,log,factor,0.5,0.005,50.0,pargp,1.0,0.0,1,,
k_z7,tied,factor,0.001,1e-05,0.1,pargp,1.0,0.0,1,,k_z4
k_z8,log,factor,2.5,0.025,250.0,pargp,1.0,0.0,1,,
k_z9,tied,factor,1e-06,1e-08,0.0001,pargp,1.0,0.0,1,,k_z3
kd_u,none,factor,0.01,0.0,0.32,pargp,1.0,0.0,1,,
n_ef,tied,factor,0.105,0.0105,0.13,pargp,1.0,0.0,1,,sy
q_cp1_1,tied,factor,0.0,0.0,0.0,pargp,1.0,0.0,1,,qcp1_13
qcp1_10,tied,factor,0.0,0.0,0.0,pargp,1.0,0.0,1,,qcp1_13
qcp1_11,tied,factor,0.0,0.0,0.0,pargp,1.0,0.0,1,,qcp1_13
qcp1_12,tied,factor,0.0,0.0,0.0,pargp,1.0,0.0,1,,qcp1_13
qcp1_13,none,relative,-5775.0,-6930.0,-4620.0,pargp,1.0,0.0,1,,
qcp1_14,tied,relative,-5775.0,-6930.0,-4620.0,pargp,1.0,0.0,1,,qcp1_13
qcp1_15,tied,relative,-4812.5,-5775.0,-3850.0,pargp,1.0,0.0,1,,qcp1_13
qcp1_16,tied,relative,-4812.5,-5775.0,-3850.0,pargp,1.0,0.0,1,,qcp1_13
qcp1_17,tied,relative,-4812.5,-5775.0,-3850.0,pargp,1.0,0.0,1,,qcp1_13
qcp1_18,tied,relative,-3850.0,-4620.0,-3080.0,pargp,1.0,0.0,1,,qcp1_13
qcp1_19,tied,relative,-3850.0,-4620.0,-3080.0,pargp,1.0,0.0,1,,qcp1_13
q_cp1_2,tied,factor,0.0,0.0,0.0,pargp,1.0,0.0,1,,qcp1_13
qcp1_20,tied,relative,-5591.99,-6710.388,-4473.592,pargp,1.0,0.0,1,,qcp1_13
qcp1_21,tied,relative,-2558.19,-3069.828,-2046.552,pargp,1.0,0.0,1,,qcp1_13
qcp1_22,tied,relative,-1362.44,-1634.928,-1089.952,pargp,1.0,0.0,1,,qcp1_13
qcp1_23,tied,relative,-1146.36,-1375.6319999999998,-917.088,pargp,1.0,0.0,1,,qcp1_13
qcp1_24,tied,relative,-512.747,-615.2964,-410.1976,pargp,1.0,0.0,1,,qcp1_13
qcp1_25,tied,relative,-803.544,-964.2528,-642.8352,pargp,1.0,0.0,1,,qcp1_13
qcp1_26,tied,relative,-659.247,-791.0963999999999,-527.3976,pargp,1.0,0.0,1,,qcp1_13
qcp1_27,tied,relative,-439.4980000000001,-527.3976000000001,-351.5984000000001,pargp,1.0,0.0,1,,qcp1_13
qcp1_28,tied,relative,-292.998,-351.5976,-234.3984,pargp,1.0,0.0,1,,qcp1_13
qcp1_29,tied,relative,-182.624,-219.1488,-146.0992,pargp,1.0,0.0,1,,qcp1_13
q_cp1_3,tied,factor,0.0,0.0,0.0,pargp,1.0,0.0,1,,qcp1_13
qcp1_30,tied,relative,-340.921,-409.1052,-272.7368,pargp,1.0,0.0,1,,qcp1_13
qcp1_31,tied,relative,-233.941,-280.7292,-187.1528,pargp,1.0,0.0,1,,qcp1_13
qcp1_32,tied,relative,-141.05,-169.26000000000002,-112.84000000000002,pargp,1.0,0.0,1,,qcp1_13
q_cp1_4,tied,factor,0.0,0.0,0.0,pargp,1.0,0.0,1,,qcp1_13
q_cp1_5,tied,factor,0.0,0.0,0.0,pargp,1.0,0.0,1,,qcp1_13
q_cp1_6,tied,factor,0.0,0.0,0.0,pargp,1.0,0.0,1,,qcp1_13
q_cp1_7,tied,factor,0.0,0.0,0.0,pargp,1.0,0.0,1,,qcp1_13
q_cp1_8,tied,factor,0.0,0.0,0.0,pargp,1.0,0.0,1,,qcp1_13
q_cp1_9,tied,factor,0.0,0.0,0.0,pargp,1.0,0.0,1,,qcp1_13
q_cp2_1,tied,factor,0.0,0.0,0.0,pargp,1.0,0.0,1,,qcp1_13
qcp2_10,tied,factor,0.0,0.0,0.0,pargp,1.0,0.0,1,,qcp1_13
qcp2_11,tied,factor,0.0,0.0,0.0,pargp,1.0,0.0,1,,qcp1_13
qcp2_12,tied,factor,0.0,0.0,0.0,pargp,1.0,0.0,1,,qcp1_13
qcp2_13,tied,factor,0.0,0.0,0.0,pargp,1.0,0.0,1,,qcp1_13
qcp2_14,tied,factor,0.0,0.0,0.0,pargp,1.0,0.0,1,,qcp1_13
qcp2_15,tied,factor,0.0,0.0,0.0,pargp,1.0,0.0,1,,qcp1_13
qcp2_16,tied,factor,0.0,0.0,0.0,pargp,1.0,0.0,1,,qcp1_13
qcp2_17,tied,factor,0.0,0.0,0.0,pargp,1.0,0.0,1,,qcp1_13
qcp2_18,tied,factor,0.0,0.0,0.0,pargp,1.0,0.0,1,,qcp1_13
qcp2_19,tied,factor,0.0,0.0,0.0,pargp,1.0,0.0,1,,qcp1_13
q_cp2_2,tied,factor,0.0,0.0,0.0,pargp,1.0,0.0,1,,qcp1_13
qcp2_20,tied,relative,-11846.1,-14215.32,-9476.88,pargp,1.0,0.0,1,,qcp1_13
qcp2_21,tied,relative,-9123.88,-10948.656,-7299.103999999999,pargp,1.0,0.0,1,,qcp1_13
qcp2_22,tied,relative,-820.3960000000001,-984.4752,-656.3168000000001,pargp,1.0,0.0,1,,qcp1_13
qcp2_23,tied,relative,-8493.29,-10191.948,-6794.632000000001,pargp,1.0,0.0,1,,qcp1_13
qcp2_24,tied,relative,-5640.22,-6768.264,-4512.176,pargp,1.0,0.0,1,,qcp1_13
qcp2_25,tied,relative,-7451.05,-8941.26,-5960.84,pargp,1.0,0.0,1,,qcp1_13
qcp2_26,tied,relative,-7141.84,-8570.208,-5713.472000000001,pargp,1.0,0.0,1,,qcp1_13
qcp2_27,tied,relative,-3003.23,-3603.876,-2402.5840000000003,pargp,1.0,0.0,1,,qcp1_13
qcp2_28,tied,relative,-2600.36,-3120.432,-2080.288,pargp,1.0,0.0,1,,qcp1_13
qcp2_29,tied,relative,-3214.18,-3857.016,-2571.344,pargp,1.0,0.0,1,,qcp1_13
q_cp2_3,tied,factor,0.0,0.0,0.0,pargp,1.0,0.0,1,,qcp1_13
qcp2_30,tied,relative,-4927.99,-5913.588,-3942.392,pargp,1.0,0.0,1,,qcp1_13
qcp2_31,tied,relative,-5375.19,-6450.227999999999,-4300.152,pargp,1.0,0.0,1,,qcp1_13
qcp2_32,tied,relative,-6087.57,-7305.084,-4870.056,pargp,1.0,0.0,1,,qcp1_13
q_cp2_4,tied,factor,0.0,0.0,0.0,pargp,1.0,0.0,1,,qcp1_13
q_cp2_5,tied,factor,0.0,0.0,0.0,pargp,1.0,0.0,1,,qcp1_13
q_cp2_6,tied,factor,0.0,0.0,0.0,pargp,1.0,0.0,1,,qcp1_13
q_cp2_7,tied,factor,0.0,0.0,0.0,pargp,1.0,0.0,1,,qcp1_13
q_cp2_8,tied,factor,0.0,0.0,0.0,pargp,1.0,0.0,1,,qcp1_13
q_cp2_9,tied,factor,0.0,0.0,0.0,pargp,1.0,0.0,1,,qcp1_13
q_cp3_1,tied,factor,0.0,0.0,0.0,pargp,1.0,0.0,1,,qcp1_13
qcp3_10,tied,factor,0.0,0.0,0.0,pargp,1.0,0.0,1,,qcp1_13
qcp3_11,tied,factor,0.0,0.0,0.0,pargp,1.0,0.0,1,,qcp1_13
qcp3_12,tied,factor,0.0,0.0,0.0,pargp,1.0,0.0,1,,qcp1_13
qcp3_13,tied,factor,0.0,0.0,0.0,pargp,1.0,0.0,1,,qcp1_13
qcp3_14,tied,factor,0.0,0.0,0.0,pargp,1.0,0.0,1,,qcp1_13
qcp3_15,tied,factor,0.0,0.0,0.0,pargp,1.0,0.0,1,,qcp1_13
qcp3_16,tied,factor,0.0,0.0,0.0,pargp,1.0,0.0,1,,qcp1_13
qcp3_17,tied,factor,0.0,0.0,0.0,pargp,1.0,0.0,1,,qcp1_13
qcp3_18,tied,factor,0.0,0.0,0.0,pargp,1.0,0.0,1,,qcp1_13
qcp3_19,tied,factor,0.0,0.0,0.0,pargp,1.0,0.0,1,,qcp1_13
q_cp3_2,tied,factor,0.0,0.0,0.0,pargp,1.0,0.0,1,,qcp1_13
qcp3_20,tied,factor,0.0,0.0,0.0,pargp,1.0,0.0,1,,qcp1_13
qcp3_21,tied,factor,0.0,0.0,0.0,pargp,1.0,0.0,1,,qcp1_13
qcp3_22,tied,factor,0.0,0.0,0.0,pargp,1.0,0.0,1,,qcp1_13
qcp3_23,tied,relative,-1284.93,-1541.916,-1027.9440000000002,pargp,1.0,0.0,1,,qcp1_13
qcp3_24,tied,relative,-695.8710000000001,-835.0452000000001,-556.6968,pargp,1.0,0.0,1,,qcp1_13
qcp3_25,tied,relative,-255.673,-306.8076,-204.5384,pargp,1.0,0.0,1,,qcp1_13
qcp3_26,tied,relative,-878.995,-1054.794,-703.196,pargp,1.0,0.0,1,,qcp1_13
qcp3_27,tied,relative,-439.4980000000001,-527.3976000000001,-351.5984000000001,pargp,1.0,0.0,1,,qcp1_13
qcp3_28,tied,relative,-732.4960000000001,-878.9952000000001,-585.9968000000001,pargp,1.0,0.0,1,,qcp1_13
qcp3_29,tied,relative,-620.9209999999999,-745.1051999999999,-496.7368,pargp,1.0,0.0,1,,qcp1_13
q_cp3_3,tied,factor,0.0,0.0,0.0,pargp,1.0,0.0,1,,qcp1_13
qcp3_30,tied,relative,-536.496,-643.7951999999999,-429.1968,pargp,1.0,0.0,1,,qcp1_13
qcp3_31,tied,relative,-716.092,-859.3104,-572.8736,pargp,1.0,0.0,1,,qcp1_13
qcp3_32,tied,relative,-611.556,-733.8672,-489.24480000000005,pargp,1.0,0.0,1,,qcp1_13
q_cp3_4,tied,factor,0.0,0.0,0.0,pargp,1.0,0.0,1,,qcp1_13
q_cp3_5,tied,factor,0.0,0.0,0.0,pargp,1.0,0.0,1,,qcp1_13
q_cp3_6,tied,factor,0.0,0.0,0.0,pargp,1.0,0.0,1,,qcp1_13
q_cp3_7,tied,factor,0.0,0.0,0.0,pargp,1.0,0.0,1,,qcp1_13
q_cp3_8,tied,factor,0.0,0.0,0.0,pargp,1.0,0.0,1,,qcp1_13
q_cp3_9,tied,factor,0.0,0.0,0.0,pargp,1.0,0.0,1,,qcp1_13
q_cp4_1,tied,factor,0.0,0.0,0.0,pargp,1.0,0.0,1,,qcp1_13
qcp4_10,tied,factor,0.0,0.0,0.0,pargp,1.0,0.0,1,,qcp1_13
qcp4_11,tied,factor,0.0,0.0,0.0,pargp,1.0,0.0,1,,qcp1_13
qcp4_12,tied,factor,0.0,0.0,0.0,pargp,1.0,0.0,1,,qcp1_13
qcp4_13,tied,factor,0.0,0.0,0.0,pargp,1.0,0.0,1,,qcp1_13
qcp4_14,tied,factor,0.0,0.0,0.0,pargp,1.0,0.0,1,,qcp1_13
qcp4_15,tied,factor,0.0,0.0,0.0,pargp,1.0,0.0,1,,qcp1_13
qcp4_16,tied,factor,0.0,0.0,0.0,pargp,1.0,0.0,1,,qcp1_13
qcp4_17,tied,factor,0.0,0.0,0.0,pargp,1.0,0.0,1,,qcp1_13
qcp4_18,tied,factor,0.0,0.0,0.0,pargp,1.0,0.0,1,,qcp1_13
qcp4_19,tied,factor,0.0,0.0,0.0,pargp,1.0,0.0,1,,qcp1_13
q_cp4_2,tied,factor,0.0,0.0,0.0,pargp,1.0,0.0,1,,qcp1_13
qcp4_20,tied,factor,0.0,0.0,0.0,pargp,1.0,0.0,1,,qcp1_13
qcp4_21,tied,factor,0.0,0.0,0.0,pargp,1.0,0.0,1,,qcp1_13
qcp4_22,tied,factor,0.0,0.0,0.0,pargp,1.0,0.0,1,,qcp1_13
qcp4_23,tied,factor,0.0,0.0,0.0,pargp,1.0,0.0,1,,qcp1_13
qcp4_24,tied,relative,-695.8710000000001,-835.0452000000001,-556.6968,pargp,1.0,0.0,1,,qcp1_13
qcp4_25,tied,relative,-840.069,-1008.0828,-672.0552,pargp,1.0,0.0,1,,qcp1_13
qcp4_26,tied,relative,-219.749,-263.6988,-175.7992,pargp,1.0,0.0,1,,qcp1_13
qcp4_27,tied,relative,-73.25,-87.89999999999999,-58.6,pargp,1.0,0.0,1,,qcp1_13
qcp4_28,tied,relative,-292.998,-351.5976,-234.3984,pargp,1.0,0.0,1,,qcp1_13
qcp4_29,tied,relative,-109.574,-131.4888,-87.6592,pargp,1.0,0.0,1,,qcp1_13
q_cp4_3,tied,factor,0.0,0.0,0.0,pargp,1.0,0.0,1,,qcp1_13
qcp4_30,tied,relative,-77.535,-93.042,-62.028,pargp,1.0,0.0,1,,qcp1_13
qcp4_31,tied,relative,-79.63,-95.556,-63.704,pargp,1.0,0.0,1,,qcp1_13
qcp4_32,tied,relative,-4.177,-5.0124,-3.3416,pargp,1.0,0.0,1,,qcp1_13
q_cp4_4,tied,factor,0.0,0.0,0.0,pargp,1.0,0.0,1,,qcp1_13
q_cp4_5,tied,factor,0.0,0.0,0.0,pargp,1.0,0.0,1,,qcp1_13
q_cp4_6,tied,factor,0.0,0.0,0.0,pargp,1.0,0.0,1,,qcp1_13
q_cp4_7,tied,factor,0.0,0.0,0.0,pargp,1.0,0.0,1,,qcp1_13
q_cp4_8,tied,factor,0.0,0.0,0.0,pargp,1.0,0.0,1,,qcp1_13
q_cp4_9,tied,factor,0.0,0.0,0.0,pargp,1.0,0.0,1,,qcp1_13
q_cp5_1,tied,factor,0.0,0.0,0.0,pargp,1.0,0.0,1,,qcp1_13
qcp5_10,tied,factor,0.0,0.0,0.0,pargp,1.0,0.0,1,,qcp1_13
qcp5_11,tied,factor,0.0,0.0,0.0,pargp,1.0,0.0,1,,qcp1_13
qcp5_12,tied,factor,0.0,0.0,0.0,pargp,1.0,0.0,1,,qcp1_13
qcp5_13,tied,factor,0.0,0.0,0.0,pargp,1.0,0.0,1,,qcp1_13
qcp5_14,tied,factor,0.0,0.0,0.0,pargp,1.0,0.0,1,,qcp1_13
qcp5_15,tied,factor,0.0,0.0,0.0,pargp,1.0,0.0,1,,qcp1_13
qcp5_16,tied,factor,0.0,0.0,0.0,pargp,1.0,0.0,1,,qcp1_13
qcp5_17,tied,factor,0.0,0.0,0.0,pargp,1.0,0.0,1,,qcp1_13
qcp5_18,tied,factor,0.0,0.0,0.0,pargp,1.0,0.0,1,,qcp1_13
qcp5_19,tied,factor,0.0,0.0,0.0,pargp,1.0,0.0,1,,qcp1_13
q_cp5_2,tied,factor,0.0,0.0,0.0,pargp,1.0,0.0,1,,qcp1_13
qcp5_20,tied,factor,0.0,0.0,0.0,pargp,1.0,0.0,1,,qcp1_13
qcp5_21,tied,factor,0.0,0.0,0.0,pargp,1.0,0.0,1,,qcp1_13
qcp5_22,tied,factor,0.0,0.0,0.0,pargp,1.0,0.0,1,,qcp1_13
qcp5_23,tied,factor,0.0,0.0,0.0,pargp,1.0,0.0,1,,qcp1_13
qcp5_24,tied,relative,-6601.51,-7921.812,-5281.2080000000005,pargp,1.0,0.0,1,,qcp1_13
qcp5_25,tied,relative,-2812.41,-3374.892,-2249.928,pargp,1.0,0.0,1,,qcp1_13
qcp5_26,tied,relative,-4602.12,-5522.544,-3681.696,pargp,1.0,0.0,1,,qcp1_13
qcp5_27,tied,relative,-5493.72,-6592.464,-4394.976000000001,pargp,1.0,0.0,1,,qcp1_13
qcp5_28,tied,relative,-3149.73,-3779.676,-2519.784,pargp,1.0,0.0,1,,qcp1_13
qcp5_29,tied,relative,-2995.03,-3594.036,-2396.0240000000003,pargp,1.0,0.0,1,,qcp1_13
q_cp5_3,tied,factor,0.0,0.0,0.0,pargp,1.0,0.0,1,,qcp1_13
qcp5_30,tied,relative,-4539.99,-5447.987999999999,-3631.992,pargp,1.0,0.0,1,,qcp1_13
qcp5_31,tied,relative,-5232.53,-6279.035999999999,-4186.024,pargp,1.0,0.0,1,,qcp1_13
qcp5_32,tied,relative,-3708.16,-4449.792,-2966.528,pargp,1.0,0.0,1,,qcp1_13
q_cp5_4,tied,factor,0.0,0.0,0.0,pargp,1.0,0.0,1,,qcp1_13
q_cp5_5,tied,factor,0.0,0.0,0.0,pargp,1.0,0.0,1,,qcp1_13
q_cp5_6,tied,factor,0.0,0.0,0.0,pargp,1.0,0.0,1,,qcp1_13
q_cp5_7,tied,factor,0.0,0.0,0.0,pargp,1.0,0.0,1,,qcp1_13
q_cp5_8,tied,factor,0.0,0.0,0.0,pargp,1.0,0.0,1,,qcp1_13
q_cp5_9,tied,factor,0.0,0.0,0.0,pargp,1.0,0.0,1,,qcp1_13
q_cp6_1,tied,factor,0.0,0.0,0.0,pargp,1.0,0.0,1,,qcp1_13
qcp6_10,tied,factor,0.0,0.0,0.0,pargp,1.0,0.0,1,,qcp1_13
qcp6_11,tied,factor,0.0,0.0,0.0,pargp,1.0,0.0,1,,qcp1_13
qcp6_12,tied,factor,0.0,0.0,0.0,pargp,1.0,0.0,1,,qcp1_13
qcp6_13,tied,factor,0.0,0.0,0.0,pargp,1.0,0.0,1,,qcp1_13
qcp6_14,tied,factor,0.0,0.0,0.0,pargp,1.0,0.0,1,,qcp1_13
qcp6_15,tied,factor,0.0,0.0,0.0,pargp,1.0,0.0,1,,qcp1_13
qcp6_16,tied,factor,0.0,0.0,0.0,pargp,1.0,0.0,1,,qcp1_13
qcp6_17,tied,factor,0.0,0.0,0.0,pargp,1.0,0.0,1,,qcp1_13
qcp6_18,tied,factor,0.0,0.0,0.0,pargp,1.0,0.0,1,,qcp1_13
qcp6_19,tied,factor,0.0,0.0,0.0,pargp,1.0,0.0,1,,qcp1_13
q_cp6_2,tied,factor,0.0,0.0,0.0,pargp,1.0,0.0,1,,qcp1_13
qcp6_20,tied,factor,0.0,0.0,0.0,pargp,1.0,0.0,1,,qcp1_13
qcp6_21,tied,factor,0.0,0.0,0.0,pargp,1.0,0.0,1,,qcp1_13
qcp6_22,tied,factor,0.0,0.0,0.0,pargp,1.0,0.0,1,,qcp1_13
qcp6_23,tied,factor,0.0,0.0,0.0,pargp,1.0,0.0,1,,qcp1_13
qcp6_24,tied,factor,0.0,0.0,0.0,pargp,1.0,0.0,1,,qcp1_13
qcp6_25,tied,factor,0.0,0.0,0.0,pargp,1.0,0.0,1,,qcp1_13
qcp6_26,tied,factor,0.0,0.0,0.0,pargp,1.0,0.0,1,,qcp1_13
qcp6_27,tied,factor,0.0,0.0,0.0,pargp,1.0,0.0,1,,qcp1_13
qcp6_28,tied,factor,0.0,0.0,0.0,pargp,1.0,0.0,1,,qcp1_13
qcp6_29,tied,factor,0.0,0.0,0.0,pargp,1.0,0.0,1,,qcp1_13
q_cp6_3,tied,factor,0.0,0.0,0.0,pargp,1.0,0.0,1,,qcp1_13
qcp6_30,tied,relative,-998.051,-1197.6612,-798.4408000000001,pargp,1.0,0.0,1,,qcp1_13
qcp6_31,tied,relative,-1379.63,-1655.556,-1103.7040000000002,pargp,1.0,0.0,1,,qcp1_13
qcp6_32,tied,relative,-92.712,-111.2544,-74.1696,pargp,1.0,0.0,1,,qcp1_13
q_cp6_4,tied,factor,0.0,0.0,0.0,pargp,1.0,0.0,1,,qcp1_13
q_cp6_5,tied,factor,0.0,0.0,0.0,pargp,1.0,0.0,1,,qcp1_13
q_cp6_6,tied,factor,0.0,0.0,0.0,pargp,1.0,0.0,1,,qcp1_13
q_cp6_7,tied,factor,0.0,0.0,0.0,pargp,1.0,0.0,1,,qcp1_13
q_cp6_8,tied,factor,0.0,0.0,0.0,pargp,1.0,0.0,1,,qcp1_13
q_cp6_9,tied,factor,0.0,0.0,0.0,pargp,1.0,0.0,1,,qcp1_13
q_cp7_1,tied,factor,0.0,0.0,0.0,pargp,1.0,0.0,1,,qcp1_13
qcp7_10,tied,factor,0.0,0.0,0.0,pargp,1.0,0.0,1,,qcp1_13
qcp7_11,tied,factor,0.0,0.0,0.0,pargp,1.0,0.0,1,,qcp1_13
qcp7_12,tied,factor,0.0,0.0,0.0,pargp,1.0,0.0,1,,qcp1_13
qcp7_13,tied,factor,0.0,0.0,0.0,pargp,1.0,0.0,1,,qcp1_13
qcp7_14,tied,factor,0.0,0.0,0.0,pargp,1.0,0.0,1,,qcp1_13
qcp7_15,tied,factor,0.0,0.0,0.0,pargp,1.0,0.0,1,,qcp1_13
qcp7_16,tied,factor,0.0,0.0,0.0,pargp,1.0,0.0,1,,qcp1_13
qcp7_17,tied,factor,0.0,0.0,0.0,pargp,1.0,0.0,1,,qcp1_13
qcp7_18,tied,factor,0.0,0.0,0.0,pargp,1.0,0.0,1,,qcp1_13
qcp7_19,tied,factor,0.0,0.0,0.0,pargp,1.0,0.0,1,,qcp1_13
q_cp7_2,tied,factor,0.0,0.0,0.0,pargp,1.0,0.0,1,,qcp1_13
qcp7_20,tied,relative,-3235.32,-3882.384,-2588.2560000000003,pargp,1.0,0.0,1,,qcp1_13
qcp7_21,tied,relative,-2877.42,-3452.904,-2301.936,pargp,1.0,0.0,1,,qcp1_13
qcp7_22,tied,relative,-2387.94,-2865.528,-1910.352,pargp,1.0,0.0,1,,qcp1_13
qcp7_23,tied,relative,-2875.05,-3450.06,-2300.0400000000004,pargp,1.0,0.0,1,,qcp1_13
qcp7_24,tied,relative,-3552.61,-4263.132,-2842.088,pargp,1.0,0.0,1,,qcp1_13
qcp7_25,tied,relative,-3652.47,-4382.964,-2921.976,pargp,1.0,0.0,1,,qcp1_13
qcp7_26,tied,relative,-3625.86,-4351.032,-2900.688,pargp,1.0,0.0,1,,qcp1_13
qcp7_27,tied,relative,-2417.24,-2900.688,-1933.792,pargp,1.0,0.0,1,,qcp1_13
qcp7_28,tied,relative,-2820.11,-3384.132,-2256.088,pargp,1.0,0.0,1,,qcp1_13
qcp7_29,tied,relative,-2629.78,-3155.7360000000003,-2103.824,pargp,1.0,0.0,1,,qcp1_13
q_cp7_3,tied,factor,0.0,0.0,0.0,pargp,1.0,0.0,1,,qcp1_13
qcp7_30,tied,relative,-3062.64,-3675.168,-2450.112,pargp,1.0,0.0,1,,qcp1_13
qcp7_31,tied,relative,-2807.28,-3368.7360000000003,-2245.824,pargp,1.0,0.0,1,,qcp1_13
qcp7_32,tied,relative,-2643.3,-3171.96,-2114.6400000000003,pargp,1.0,0.0,1,,qcp1_13
q_cp7_4,tied,factor,0.0,0.0,0.0,pargp,1.0,0.0,1,,qcp1_13
q_cp7_5,tied,factor,0.0,0.0,0.0,pargp,1.0,0.0,1,,qcp1_13
q_cp7_6,tied,factor,0.0,0.0,0.0,pargp,1.0,0.0,1,,qcp1_13
q_cp7_7,tied,factor,0.0,0.0,0.0,pargp,1.0,0.0,1,,qcp1_13
q_cp7_8,tied,factor,0.0,0.0,0.0,pargp,1.0,0.0,1,,qcp1_13
q_cp7_9,tied,factor,0.0,0.0,0.0,pargp,1.0,0.0,1,,qcp1_13
q_e_well,fixed,relative,-27.0,-27.0,-27.0,pargp,1.0,0.0,1,,
q_lti_in,none,factor,3.7750001,1.711,8.51,pargp,1.0,0.0,1,,
q_lti_out,none,factor,0.737,0.274,1.711,pargp,1.0,0.0,1,,
q_rech1_sp1,log,factor,0.0001026000027196,5.13000013598e-05,0.0002052000054392,pargp,1.0,0.0,1,,
q_rech1_sp10,tied,factor,3.13e-05,1.565e-05,6.26e-05,pargp,1.0,0.0,1,,q_rech1_sp1
q_rech1_sp11,tied,factor,0.000405,0.0002025,0.00081,pargp,1.0,0.0,1,,q_rech1_sp1
q_rech1_sp12,tied,factor,0.0004707,0.00023535,0.0009414,pargp,1.0,0.0,1,,q_rech1_sp1
q_rech1_sp13,tied,factor,9.45e-05,4.725e-05,0.000189,pargp,1.0,0.0,1,,q_rech1_sp1
q_rech1_sp14,tied,factor,0.0001908,9.54e-05,0.0003816,pargp,1.0,0.0,1,,q_rech1_sp1
q_rech1_sp15,tied,factor,0.0002376,0.0001188,0.0004752,pargp,1.0,0.0,1,,q_rech1_sp1
q_rech1_sp16,tied,factor,0.0003357,0.00016785,0.0006714,pargp,1.0,0.0,1,,q_rech1_sp1
q_rech1_sp17,tied,factor,0.0004553999999999,0.0002276999999999,0.0009107999999998,pargp,1.0,0.0,1,,q_rech1_sp1
q_rech1_sp18,tied,factor,0.0001134,5.67e-05,0.0002268,pargp,1.0,0.0,1,,q_rech1_sp1
q_rech1_sp19,tied,factor,4.36e-05,2.18e-05,8.72e-05,pargp,1.0,0.0,1,,q_rech1_sp1
q_rech1_sp2,tied,factor,0.0001026,5.13e-05,0.0002052,pargp,1.0,0.0,1,,q_rech1_sp1
q_rech1_sp20,tied,factor,2.47e-05,1.235e-05,4.94e-05,pargp,1.0,0.0,1,,q_rech1_sp1
q_rech1_sp21,tied,factor,1.95e-05,9.75e-06,3.9e-05,pargp,1.0,0.0,1,,q_rech1_sp1
q_rech1_sp22,tied,factor,0.0003852,0.0001926,0.0007704,pargp,1.0,0.0,1,,q_rech1_sp1
q_rech1_sp23,tied,factor,0.0001395,6.975e-05,0.000279,pargp,1.0,0.0,1,,q_rech1_sp1
q_rech1_sp24,tied,factor,4.18e-05,2.09e-05,8.36e-05,pargp,1.0,0.0,1,,q_rech1_sp1
q_rech1_sp25,tied,factor,2.57e-05,1.285e-05,5.14e-05,pargp,1.0,0.0,1,,q_rech1_sp1
q_rech1_sp26,tied,factor,2.68e-05,1.34e-05,5.36e-05,pargp,1.0,0.0,1,,q_rech1_sp1
q_rech1_sp27,tied,factor,2.19e-05,1.095e-05,4.38e-05,pargp,1.0,0.0,1,,q_rech1_sp1
q_rech1_sp28,tied,factor,1.55e-05,7.75e-06,3.1e-05,pargp,1.0,0.0,1,,q_rech1_sp1
q_rech1_sp29,tied,factor,1.02e-05,5.1e-06,2.04e-05,pargp,1.0,0.0,1,,q_rech1_sp1
q_rech1_sp3,tied,factor,0.0001026,5.13e-05,0.0002052,pargp,1.0,0.0,1,,q_rech1_sp1
q_rech1_sp30,tied,factor,7e-06,3.5e-06,1.4e-05,pargp,1.0,0.0,1,,q_rech1_sp1
q_rech1_sp31,tied,factor,6.26e-06,3.13e-06,1.252e-05,pargp,1.0,0.0,1,,q_rech1_sp1
q_rech1_sp32,tied,factor,5.79e-06,2.895e-06,1.158e-05,pargp,1.0,0.0,1,,q_rech1_sp1
q_rech1_sp4,tied,factor,0.0001026,5.13e-05,0.0002052,pargp,1.0,0.0,1,,q_rech1_sp1
q_rech1_sp5,tied,factor,0.0001026,5.13e-05,0.0002052,pargp,1.0,0.0,1,,q_rech1_sp1
q_rech1_sp6,tied,factor,0.0001026,5.13e-05,0.0002052,pargp,1.0,0.0,1,,q_rech1_sp1
q_rech1_sp7,tied,factor,0.0001026,5.13e-05,0.0002052,pargp,1.0,0.0,1,,q_rech1_sp1
q_rech1_sp8,tied,factor,3.4899999999999995e-05,1.7449999999999997e-05,6.979999999999999e-05,pargp,1.0,0.0,1,,q_rech1_sp1
q_rech1_sp9,tied,factor,3.09e-05,1.545e-05,6.18e-05,pargp,1.0,0.0,1,,q_rech1_sp1
q_rech2_sp1,log,factor,0.0001026,5.13e-05,0.0002052,pargp,1.0,0.0,1,,
q_rech2_sp10,tied,factor,3.13e-05,1.565e-05,6.26e-05,pargp,1.0,0.0,1,,q_rech2_sp1
q_rech2_sp11,tied,factor,0.000405,0.0002025,0.00081,pargp,1.0,0.0,1,,q_rech2_sp1
q_rech2_sp12,tied,factor,0.0004707,0.00023535,0.0009414,pargp,1.0,0.0,1,,q_rech2_sp1
q_rech2_sp13,tied,factor,9.45e-05,4.725e-05,0.000189,pargp,1.0,0.0,1,,q_rech2_sp1
q_rech2_sp14,tied,factor,0.0001908,9.54e-05,0.0003816,pargp,1.0,0.0,1,,q_rech2_sp1
q_rech2_sp15,tied,factor,0.0002376,0.0001188,0.0004752,pargp,1.0,0.0,1,,q_rech2_sp1
q_rech2_sp16,tied,factor,0.0003357,0.00016785,0.0006714,pargp,1.0,0.0,1,,q_rech2_sp1
q_rech2_sp17,tied,factor,0.0004553999999999,0.0002276999999999,0.0009107999999998,pargp,1.0,0.0,1,,q_rech2_sp1
q_rech2_sp18,tied,factor,0.0001134,5.67e-05,0.0002268,pargp,1.0,0.0,1,,q_rech2_sp1
q_rech2_sp19,tied,factor,4.36e-05,2.18e-05,8.72e-05,pargp,1.0,0.0,1,,q_rech2_sp1
q_rech2_sp2,tied,factor,0.0001026,5.13e-05,0.0002052,pargp,1.0,0.0,1,,q_rech2_sp1
q_rech2_sp20,tied,factor,2.47e-05,1.235e-05,4.94e-05,pargp,1.0,0.0,1,,q_rech2_sp1
q_rech2_sp21,tied,factor,1.95e-05,9.75e-06,3.9e-05,pargp,1.0,0.0,1,,q_rech2_sp1
q_rech2_sp22,tied,factor,0.0003852,0.0001926,0.0007704,pargp,1.0,0.0,1,,q_rech2_sp1
q_rech2_sp23,tied,factor,0.0001395,6.975e-05,0.000279,pargp,1.0,0.0,1,,q_rech2_sp1
q_rech2_sp24,tied,factor,4.18e-05,2.09e-05,8.36e-05,pargp,1.0,0.0,1,,q_rech2_sp1
q_rech2_sp25,tied,factor,2.57e-05,1.285e-05,5.14e-05,pargp,1.0,0.0,1,,q_rech2_sp1
q_rech2_sp26,tied,factor,2.68e-05,1.34e-05,5.36e-05,pargp,1.0,0.0,1,,q_rech2_sp1
q_rech2_sp27,tied,factor,2.19e-05,1.095e-05,4.38e-05,pargp,1.0,0.0,1,,q_rech2_sp1
q_rech2_sp28,tied,factor,1.55e-05,7.75e-06,3.1e-05,pargp,1.0,0.0,1,,q_rech2_sp1
q_rech2_sp29,tied,factor,1.02e-05,5.1e-06,2.04e-05,pargp,1.0,0.0,1,,q_rech2_sp1
q_rech2_sp3,tied,factor,0.0001026,5.13e-05,0.0002052,pargp,1.0,0.0,1,,q_rech2_sp1
q_rech2_sp30,tied,factor,7e-06,3.5e-06,1.4e-05,pargp,1.0,0.0,1,,q_rech2_sp1
q_rech2_sp31,tied,factor,6.26e-06,3.13e-06,1.252e-05,pargp,1.0,0.0,1,,q_rech2_sp1
q_rech2_sp32,tied,factor,5.79e-06,2.895e-06,1.158e-05,pargp,1.0,0.0,1,,q_rech2_sp1
q_rech2_sp4,tied,factor,0.0001026,5.13e-05,0.0002052,pargp,1.0,0.0,1,,q_rech2_sp1
q_rech2_sp5,tied,factor,0.0001026,5.13e-05,0.0002052,pargp,1.0,0.0,1,,q_rech2_sp1
q_rech2_sp6,tied,factor,0.0001026,5.13e-05,0.0002052,pargp,1.0,0.0,1,,q_rech2_sp1
q_rech2_sp7,tied,factor,0.0001026,5.13e-05,0.0002052,pargp,1.0,0.0,1,,q_rech2_sp1
q_rech2_sp8,tied,factor,3.4899999999999995e-05,1.7449999999999997e-05,6.979999999999999e-05,pargp,1.0,0.0,1,,q_rech2_sp1
q_rech2_sp9,tied,factor,3.09e-05,1.545e-05,6.18e-05,pargp,1.0,0.0,1,,q_rech2_sp1
q_rech3_sp1,log,factor,0.0001026,5.13e-05,0.0002052,pargp,1.0,0.0,1,,
q_rech3_sp10,tied,factor,3.13e-05,1.565e-05,6.26e-05,pargp,1.0,0.0,1,,q_rech3_sp1
q_rech3_sp11,tied,factor,0.000405,0.0002025,0.00081,pargp,1.0,0.0,1,,q_rech3_sp1
q_rech3_sp12,tied,factor,0.0004707,0.00023535,0.0009414,pargp,1.0,0.0,1,,q_rech3_sp1
q_rech3_sp13,tied,factor,9.45e-05,4.725e-05,0.000189,pargp,1.0,0.0,1,,q_rech3_sp1
q_rech3_sp14,tied,factor,0.0001908,9.54e-05,0.0003816,pargp,1.0,0.0,1,,q_rech3_sp1
q_rech3_sp15,tied,factor,0.0002376,0.0001188,0.0004752,pargp,1.0,0.0,1,,q_rech3_sp1
q_rech3_sp16,tied,factor,0.0003357,0.00016785,0.0006714,pargp,1.0,0.0,1,,q_rech3_sp1
q_rech3_sp17,tied,factor,0.0004553999999999,0.0002276999999999,0.0009107999999998,pargp,1.0,0.0,1,,q_rech3_sp1
q_rech3_sp18,tied,factor,0.0001134,5.67e-05,0.0002268,pargp,1.0,0.0,1,,q_rech3_sp1
q_rech3_sp19,tied,factor,4.36e-05,2.18e-05,8.72e-05,pargp,1.0,0.0,1,,q_rech3_sp1
q_rech3_sp2,tied,factor,0.0001026,5.13e-05,0.0002052,pargp,1.0,0.0,1,,q_rech3_sp1
q_rech3_sp20,tied,factor,2.47e-05,1.235e-05,4.94e-05,pargp,1.0,0.0,1,,q_rech3_sp1
q_rech3_sp21,tied,factor,1.95e-05,9.75e-06,3.9e-05,pargp,1.0,0.0,1,,q_rech3_sp1
q_rech3_sp22,tied,factor,0.0003852,0.0001926,0.0007704,pargp,1.0,0.0,1,,q_rech3_sp1
q_rech3_sp23,tied,factor,0.0001395,6.975e-05,0.000279,pargp,1.0,0.0,1,,q_rech3_sp1
q_rech3_sp24,tied,factor,4.18e-05,2.09e-05,8.36e-05,pargp,1.0,0.0,1,,q_rech3_sp1
q_rech3_sp25,tied,factor,2.57e-05,1.285e-05,5.14e-05,pargp,1.0,0.0,1,,q_rech3_sp1
q_rech3_sp26,tied,factor,2.68e-05,1.34e-05,5.36e-05,pargp,1.0,0.0,1,,q_rech3_sp1
q_rech3_sp27,tied,factor,2.19e-05,1.095e-05,4.38e-05,pargp,1.0,0.0,1,,q_rech3_sp1
q_rech3_sp28,tied,factor,1.55e-05,7.75e-06,3.1e-05,pargp,1.0,0.0,1,,q_rech3_sp1
q_rech3_sp29,tied,factor,1.02e-05,5.1e-06,2.04e-05,pargp,1.0,0.0,1,,q_rech3_sp1
q_rech3_sp3,tied,factor,0.0001026,5.13e-05,0.0002052,pargp,1.0,0.0,1,,q_rech3_sp1
q_rech3_sp30,tied,factor,7e-06,3.5e-06,1.4e-05,pargp,1.0,0.0,1,,q_rech3_sp1
q_rech3_sp31,tied,factor,6.26e-06,3.13e-06,1.252e-05,pargp,1.0,0.0,1,,q_rech3_sp1
q_rech3_sp32,tied,factor,5.79e-06,2.895e-06,1.158e-05,pargp,1.0,0.0,1,,q_rech3_sp1
q_rech3_sp4,tied,factor,0.0001026,5.13e-05,0.0002052,pargp,1.0,0.0,1,,q_rech3_sp1
q_rech3_sp5,tied,factor,0.0001026,5.13e-05,0.0002052,pargp,1.0,0.0,1,,q_rech3_sp1
q_rech3_sp6,tied,factor,0.0001026,5.13e-05,0.0002052,pargp,1.0,0.0,1,,q_rech3_sp1
q_rech3_sp7,tied,factor,0.0001026,5.13e-05,0.0002052,pargp,1.0,0.0,1,,q_rech3_sp1
q_rech3_sp8,tied,factor,3.4899999999999995e-05,1.7449999999999997e-05,6.979999999999999e-05,pargp,1.0,0.0,1,,q_rech3_sp1
q_rech3_sp9,tied,factor,3.09e-05,1.545e-05,6.18e-05,pargp,1.0,0.0,1,,q_rech3_sp1
q_rech4_sp1,tied,factor,0.0001026,5.13e-05,0.0002052,pargp,1.0,0.0,1,,q_rech1_sp1
q_rech4_sp10,tied,factor,3.13e-05,1.565e-05,6.26e-05,pargp,1.0,0.0,1,,q_rech1_sp1
q_rech4_sp11,tied,factor,0.000405,0.0002025,0.00081,pargp,1.0,0.0,1,,q_rech1_sp1
q_rech4_sp12,tied,factor,0.0004707,0.00023535,0.0009414,pargp,1.0,0.0,1,,q_rech1_sp1
q_rech4_sp13,tied,factor,9.45e-05,4.725e-05,0.000189,pargp,1.0,0.0,1,,q_rech1_sp1
q_rech4_sp14,tied,factor,0.0001908,9.54e-05,0.0003816,pargp,1.0,0.0,1,,q_rech1_sp1
q_rech4_sp15,tied,factor,0.0002376,0.0001188,0.0004752,pargp,1.0,0.0,1,,q_rech1_sp1
q_rech4_sp16,tied,factor,0.0003357,0.00016785,0.0006714,pargp,1.0,0.0,1,,q_rech1_sp1
q_rech4_sp17,tied,factor,0.0004553999999999,0.0002276999999999,0.0009107999999998,pargp,1.0,0.0,1,,q_rech1_sp1
q_rech4_sp18,tied,factor,0.0001134,5.67e-05,0.0002268,pargp,1.0,0.0,1,,q_rech1_sp1
q_rech4_sp19,tied,factor,4.36e-05,2.18e-05,8.72e-05,pargp,1.0,0.0,1,,q_rech1_sp1
q_rech4_sp2,tied,factor,0.0001026,5.13e-05,0.0002052,pargp,1.0,0.0,1,,q_rech1_sp1
q_rech4_sp20,tied,factor,2.47e-05,1.235e-05,4.94e-05,pargp,1.0,0.0,1,,q_rech1_sp1
q_rech4_sp21,tied,factor,1.95e-05,9.75e-06,3.9e-05,pargp,1.0,0.0,1,,q_rech1_sp1
q_rech4_sp22,tied,factor,0.0003852,0.0001926,0.0007704,pargp,1.0,0.0,1,,q_rech1_sp1
q_rech4_sp23,tied,factor,0.0001395,6.975e-05,0.000279,pargp,1.0,0.0,1,,q_rech1_sp1
q_rech4_sp24,tied,factor,4.18e-05,2.09e-05,8.36e-05,pargp,1.0,0.0,1,,q_rech1_sp1
q_rech4_sp25,tied,factor,2.57e-05,1.285e-05,5.14e-05,pargp,1.0,0.0,1,,q_rech1_sp1
q_rech4_sp26,tied,factor,2.68e-05,1.34e-05,5.36e-05,pargp,1.0,0.0,1,,q_rech1_sp1
q_rech4_sp27,tied,factor,2.19e-05,1.095e-05,4.38e-05,pargp,1.0,0.0,1,,q_rech1_sp1
q_rech4_sp28,tied,factor,1.55e-05,7.75e-06,3.1e-05,pargp,1.0,0.0,1,,q_rech1_sp1
q_rech4_sp29,tied,factor,1.02e-05,5.1e-06,2.04e-05,pargp,1.0,0.0,1,,q_rech1_sp1
q_rech4_sp3,tied,factor,0.0001026,5.13e-05,0.0002052,pargp,1.0,0.0,1,,q_rech1_sp1
q_rech4_sp30,tied,factor,7e-06,3.5e-06,1.4e-05,pargp,1.0,0.0,1,,q_rech1_sp1
q_rech4_sp31,tied,factor,6.26e-06,3.13e-06,1.252e-05,pargp,1.0,0.0,1,,q_rech1_sp1
q_rech4_sp32,tied,factor,5.79e-06,2.895e-06,1.158e-05,pargp,1.0,0.0,1,,q_rech1_sp1
q_rech4_sp4,tied,factor,0.0001026,5.13e-05,0.0002052,pargp,1.0,0.0,1,,q_rech1_sp1
q_rech4_sp5,tied,factor,0.0001026,5.13e-05,0.0002052,pargp,1.0,0.0,1,,q_rech1_sp1
q_rech4_sp6,tied,factor,0.0001026,5.13e-05,0.0002052,pargp,1.0,0.0,1,,q_rech1_sp1
q_rech4_sp7,tied,factor,0.0001026,5.13e-05,0.0002052,pargp,1.0,0.0,1,,q_rech1_sp1
q_rech4_sp8,tied,factor,3.4899999999999995e-05,1.7449999999999997e-05,6.979999999999999e-05,pargp,1.0,0.0,1,,q_rech1_sp1
q_rech4_sp9,tied,factor,3.09e-05,1.545e-05,6.18e-05,pargp,1.0,0.0,1,,q_rech1_sp1
q_rech5_sp1,fixed,factor,9.9999e-12,9.9999e-12,9.9999e-12,pargp,1.0,0.0,1,,
q_rech5_sp10,fixed,factor,1e-11,1e-11,1e-11,pargp,1.0,0.0,1,,
q_rech5_sp11,fixed,factor,1e-11,1e-11,1e-11,pargp,1.0,0.0,1,,
q_rech5_sp12,fixed,factor,1e-11,1e-11,1e-11,pargp,1.0,0.0,1,,
q_rech5_sp13,fixed,factor,1e-11,1e-11,1e-11,pargp,1.0,0.0,1,,
q_rech5_sp14,fixed,factor,1e-11,1e-11,1e-11,pargp,1.0,0.0,1,,
q_rech5_sp15,fixed,factor,1e-11,1e-11,1e-11,pargp,1.0,0.0,1,,
q_rech5_sp16,fixed,factor,1e-11,1e-11,1e-11,pargp,1.0,0.0,1,,
q_rech5_sp17,fixed,factor,1e-11,1e-11,1e-11,pargp,1.0,0.0,1,,
q_rech5_sp18,fixed,factor,1e-11,1e-11,1e-11,pargp,1.0,0.0,1,,
q_rech5_sp19,fixed,factor,1e-11,1e-11,1e-11,pargp,1.0,0.0,1,,
q_rech5_sp2,fixed,factor,1e-11,1e-11,1e-11,pargp,1.0,0.0,1,,
q_rech5_sp20,fixed,factor,1e-11,1e-11,1e-11,pargp,1.0,0.0,1,,
q_rech5_sp21,fixed,factor,1e-11,1e-11,1e-11,pargp,1.0,0.0,1,,
q_rech5_sp22,fixed,factor,1e-11,1e-11,1e-11,pargp,1.0,0.0,1,,
q_rech5_sp23,fixed,factor,1e-11,1e-11,1e-11,pargp,1.0,0.0,1,,
q_rech5_sp24,fixed,factor,1e-11,1e-11,1e-11,pargp,1.0,0.0,1,,
q_rech5_sp25,fixed,factor,1e-11,1e-11,1e-11,pargp,1.0,0.0,1,,
q_rech5_sp26,fixed,factor,1e-11,1e-11,1e-11,pargp,1.0,0.0,1,,
q_rech5_sp27,fixed,factor,1e-11,1e-11,1e-11,pargp,1.0,0.0,1,,
q_rech5_sp28,fixed,factor,1e-11,1e-11,1e-11,pargp,1.0,0.0,1,,
q_rech5_sp29,fixed,factor,1e-11,1e-11,1e-11,pargp,1.0,0.0,1,,
q_rech5_sp3,fixed,factor,1e-11,1e-11,1e-11,pargp,1.0,0.0,1,,
q_rech5_sp30,fixed,factor,1e-11,1e-11,1e-11,pargp,1.0,0.0,1,,
q_rech5_sp31,fixed,factor,1e-11,1e-11,1e-11,pargp,1.0,0.0,1,,
q_rech5_sp32,fixed,factor,1e-11,1e-11,1e-11,pargp,1.0,0.0,1,,
q_rech5_sp4,fixed,factor,1e-11,1e-11,1e-11,pargp,1.0,0.0,1,,
q_rech5_sp5,fixed,factor,1e-11,1e-11,1e-11,pargp,1.0,0.0,1,,
q_rech5_sp6,fixed,factor,1e-11,1e-11,1e-11,pargp,1.0,0.0,1,,
q_rech5_sp7,fixed,factor,1e-11,1e-11,1e-11,pargp,1.0,0.0,1,,
q_rech5_sp8,fixed,factor,1e-11,1e-11,1e-11,pargp,1.0,0.0,1,,
q_rech5_sp9,fixed,factor,1e-11,1e-11,1e-11,pargp,1.0,0.0,1,,
q_rech6_sp1,log,factor,5.7e-05,2.85e-05,0.000114,pargp,1.0,0.0,1,,
q_rech6_sp10,tied,factor,1.74e-05,8.7e-06,3.48e-05,pargp,1.0,0.0,1,,q_rech6_sp1
q_rech6_sp11,tied,factor,0.000225,0.0001125,0.00045,pargp,1.0,0.0,1,,q_rech6_sp1
q_rech6_sp12,tied,factor,0.0002615,0.00013075,0.000523,pargp,1.0,0.0,1,,q_rech6_sp1
q_rech6_sp13,tied,factor,5.25e-05,2.625e-05,0.000105,pargp,1.0,0.0,1,,q_rech6_sp1
q_rech6_sp14,tied,factor,0.000106,5.3e-05,0.000212,pargp,1.0,0.0,1,,q_rech6_sp1
q_rech6_sp15,tied,factor,0.000132,6.6e-05,0.000264,pargp,1.0,0.0,1,,q_rech6_sp1
q_rech6_sp16,tied,factor,0.0001865,9.325e-05,0.000373,pargp,1.0,0.0,1,,q_rech6_sp1
q_rech6_sp17,tied,factor,0.0002529999999999,0.0001264999999999,0.0005059999999998,pargp,1.0,0.0,1,,q_rech6_sp1
q_rech6_sp18,tied,factor,6.3e-05,3.15e-05,0.000126,pargp,1.0,0.0,1,,q_rech6_sp1
q_rech6_sp19,tied,factor,2.42e-05,1.21e-05,4.84e-05,pargp,1.0,0.0,1,,q_rech6_sp1
q_rech6_sp2,tied,factor,5.7e-05,2.85e-05,0.000114,pargp,1.0,0.0,1,,q_rech6_sp1
q_rech6_sp20,tied,factor,1.3699999999999998e-05,6.849999999999999e-06,2.7399999999999995e-05,pargp,1.0,0.0,1,,q_rech6_sp1
q_rech6_sp21,tied,factor,1.0800000000000002e-05,5.400000000000001e-06,2.1600000000000003e-05,pargp,1.0,0.0,1,,q_rech6_sp1
q_rech6_sp22,tied,factor,0.000214,0.000107,0.000428,pargp,1.0,0.0,1,,q_rech6_sp1
q_rech6_sp23,tied,factor,7.75e-05,3.875e-05,0.000155,pargp,1.0,0.0,1,,q_rech6_sp1
q_rech6_sp24,tied,factor,2.32e-05,1.16e-05,4.64e-05,pargp,1.0,0.0,1,,q_rech6_sp1
q_rech6_sp25,tied,factor,1.4300000000000002e-05,7.150000000000001e-06,2.8600000000000004e-05,pargp,1.0,0.0,1,,q_rech6_sp1
q_rech6_sp26,tied,factor,1.49e-05,7.45e-06,2.98e-05,pargp,1.0,0.0,1,,q_rech6_sp1
q_rech6_sp27,tied,factor,1.21e-05,6.05e-06,2.42e-05,pargp,1.0,0.0,1,,q_rech6_sp1
q_rech6_sp28,tied,factor,8.6e-06,4.3e-06,1.72e-05,pargp,1.0,0.0,1,,q_rech6_sp1
q_rech6_sp29,tied,factor,5.65e-06,2.825e-06,1.13e-05,pargp,1.0,0.0,1,,q_rech6_sp1
q_rech6_sp3,tied,factor,5.7e-05,2.85e-05,0.000114,pargp,1.0,0.0,1,,q_rech6_sp1
q_rech6_sp30,tied,factor,3.89e-06,1.945e-06,7.78e-06,pargp,1.0,0.0,1,,q_rech6_sp1
q_rech6_sp31,tied,factor,3.48e-06,1.74e-06,6.96e-06,pargp,1.0,0.0,1,,q_rech6_sp1
q_rech6_sp32,tied,factor,3.22e-06,1.61e-06,6.44e-06,pargp,1.0,0.0,1,,q_rech6_sp1
q_rech6_sp4,tied,factor,5.7e-05,2.85e-05,0.000114,pargp,1.0,0.0,1,,q_rech6_sp1
q_rech6_sp5,tied,factor,5.7e-05,2.85e-05,0.000114,pargp,1.0,0.0,1,,q_rech6_sp1
q_rech6_sp6,tied,factor,5.7e-05,2.85e-05,0.000114,pargp,1.0,0.0,1,,q_rech6_sp1
q_rech6_sp7,tied,factor,5.7e-05,2.85e-05,0.000114,pargp,1.0,0.0,1,,q_rech6_sp1
q_rech6_sp8,tied,factor,1.94e-05,9.7e-06,3.88e-05,pargp,1.0,0.0,1,,q_rech6_sp1
q_rech6_sp9,tied,factor,1.7199999999999998e-05,8.599999999999999e-06,3.44e-05,pargp,1.0,0.0,1,,q_rech6_sp1
q_rech7_sp1,log,factor,0.0002280000044266,0.0001231200023904,0.0006862800133241,pargp,1.0,0.0,1,,
q_rech7_sp10,tied,factor,6.96e-05,3.7584e-05,0.000209496,pargp,1.0,0.0,1,,q_rech7_sp1
q_rech7_sp11,tied,factor,0.0009,0.000486,0.0027089999999999,pargp,1.0,0.0,1,,q_rech7_sp1
q_rech7_sp12,tied,factor,0.001046,0.00056484,0.00314846,pargp,1.0,0.0,1,,q_rech7_sp1
q_rech7_sp13,tied,factor,0.00021,0.0001134,0.0006321,pargp,1.0,0.0,1,,q_rech7_sp1
q_rech7_sp14,tied,factor,0.000424,0.00022896,0.0012762399999999,pargp,1.0,0.0,1,,q_rech7_sp1
q_rech7_sp15,tied,factor,0.000528,0.00028512,0.00158928,pargp,1.0,0.0,1,,q_rech7_sp1
q_rech7_sp16,tied,factor,0.000746,0.00040284,0.00224546,pargp,1.0,0.0,1,,q_rech7_sp1
q_rech7_sp17,tied,factor,0.0010119999999999,0.0005464799999999,0.0030461199999996,pargp,1.0,0.0,1,,q_rech7_sp1
q_rech7_sp18,tied,factor,0.000252,0.00013608,0.0007585199999999,pargp,1.0,0.0,1,,q_rech7_sp1
q_rech7_sp19,tied,factor,9.68e-05,5.2272e-05,0.0002913679999999,pargp,1.0,0.0,1,,q_rech7_sp1
q_rech7_sp2,tied,factor,0.0002279999999999,0.0001231199999999,0.0006862799999996,pargp,1.0,0.0,1,,q_rech7_sp1
q_rech7_sp20,tied,factor,5.479999999999999e-05,2.9592e-05,0.0001649479999999,pargp,1.0,0.0,1,,q_rech7_sp1
q_rech7_sp21,tied,factor,4.34e-05,2.3436e-05,0.000130634,pargp,1.0,0.0,1,,q_rech7_sp1
q_rech7_sp22,tied,factor,0.000856,0.00046224,0.00257656,pargp,1.0,0.0,1,,q_rech7_sp1
q_rech7_sp23,tied,factor,0.00031,0.0001674,0.0009331,pargp,1.0,0.0,1,,q_rech7_sp1
q_rech7_sp24,tied,factor,9.28e-05,5.0112e-05,0.000279328,pargp,1.0,0.0,1,,q_rech7_sp1
q_rech7_sp25,tied,factor,5.720000000000001e-05,3.0888000000000006e-05,0.000172172,pargp,1.0,0.0,1,,q_rech7_sp1
q_rech7_sp26,tied,factor,5.96e-05,3.2184e-05,0.000179396,pargp,1.0,0.0,1,,q_rech7_sp1
q_rech7_sp27,tied,factor,4.86e-05,2.6244e-05,0.000146286,pargp,1.0,0.0,1,,q_rech7_sp1
q_rech7_sp28,tied,factor,3.44e-05,1.8576000000000003e-05,0.000103544,pargp,1.0,0.0,1,,q_rech7_sp1
q_rech7_sp29,tied,factor,2.26e-05,1.2204e-05,6.8026e-05,pargp,1.0,0.0,1,,q_rech7_sp1
q_rech7_sp3,tied,factor,0.0002279999999999,0.0001231199999999,0.0006862799999996,pargp,1.0,0.0,1,,q_rech7_sp1
q_rech7_sp30,tied,factor,1.56e-05,8.424000000000001e-06,4.6956e-05,pargp,1.0,0.0,1,,q_rech7_sp1
q_rech7_sp31,tied,factor,1.39e-05,7.506000000000001e-06,4.1839e-05,pargp,1.0,0.0,1,,q_rech7_sp1
q_rech7_sp32,tied,factor,1.29e-05,6.966000000000001e-06,3.8829e-05,pargp,1.0,0.0,1,,q_rech7_sp1
q_rech7_sp4,tied,factor,0.0002279999999999,0.0001231199999999,0.0006862799999996,pargp,1.0,0.0,1,,q_rech7_sp1
q_rech7_sp5,tied,factor,0.0002279999999999,0.0001231199999999,0.0006862799999996,pargp,1.0,0.0,1,,q_rech7_sp1
q_rech7_sp6,tied,factor,0.0002279999999999,0.0001231199999999,0.0006862799999996,pargp,1.0,0.0,1,,q_rech7_sp1
q_rech7_sp7,tied,factor,0.0002279999999999,0.0001231199999999,0.0006862799999996,pargp,1.0,0.0,1,,q_rech7_sp1
q_rech7_sp8,tied,factor,7.759999999999999e-05,4.1904e-05,0.0002335759999999,pargp,1.0,0.0,1,,q_rech7_sp1
q_rech7_sp9,tied,factor,6.86e-05,3.7044e-05,0.0002064859999999,pargp,1.0,0.0,1,,q_rech7_sp1
q_rech8_sp1,tied,factor,0.0002280000044266,0.0001231200023904,0.0006862800133241,pargp,1.0,0.0,1,,q_rech7_sp1
q_rech8_sp10,tied,factor,6.96e-05,3.7584e-05,0.000209496,pargp,1.0,0.0,1,,q_rech7_sp1
q_rech8_sp11,tied,factor,0.0009,0.000486,0.0027089999999999,pargp,1.0,0.0,1,,q_rech7_sp1
q_rech8_sp12,tied,factor,0.001046,0.00056484,0.00314846,pargp,1.0,0.0,1,,q_rech7_sp1
q_rech8_sp13,tied,factor,0.00021,0.0001134,0.0006321,pargp,1.0,0.0,1,,q_rech7_sp1
q_rech8_sp14,tied,factor,0.000424,0.00022896,0.0012762399999999,pargp,1.0,0.0,1,,q_rech7_sp1
q_rech8_sp15,tied,factor,0.000528,0.00028512,0.00158928,pargp,1.0,0.0,1,,q_rech7_sp1
q_rech8_sp16,tied,factor,0.000746,0.00040284,0.00224546,pargp,1.0,0.0,1,,q_rech7_sp1
q_rech8_sp17,tied,factor,0.0010119999999999,0.0005464799999999,0.0030461199999996,pargp,1.0,0.0,1,,q_rech7_sp1
q_rech8_sp18,tied,factor,0.000252,0.00013608,0.0007585199999999,pargp,1.0,0.0,1,,q_rech7_sp1
q_rech8_sp19,tied,factor,9.68e-05,5.2272e-05,0.0002913679999999,pargp,1.0,0.0,1,,q_rech7_sp1
q_rech8_sp2,tied,factor,0.0002279999999999,0.0001231199999999,0.0006862799999996,pargp,1.0,0.0,1,,q_rech7_sp1
q_rech8_sp20,tied,factor,5.479999999999999e-05,2.9592e-05,0.0001649479999999,pargp,1.0,0.0,1,,q_rech7_sp1
q_rech8_sp21,tied,factor,4.34e-05,2.3436e-05,0.000130634,pargp,1.0,0.0,1,,q_rech7_sp1
q_rech8_sp22,tied,factor,0.000856,0.00046224,0.00257656,pargp,1.0,0.0,1,,q_rech7_sp1
q_rech8_sp23,tied,factor,0.00031,0.0001674,0.0009331,pargp,1.0,0.0,1,,q_rech7_sp1
q_rech8_sp24,tied,factor,9.28e-05,5.0112e-05,0.000279328,pargp,1.0,0.0,1,,q_rech7_sp1
q_rech8_sp25,tied,factor,5.720000000000001e-05,3.0888000000000006e-05,0.000172172,pargp,1.0,0.0,1,,q_rech7_sp1
q_rech8_sp26,tied,factor,5.96e-05,3.2184e-05,0.000179396,pargp,1.0,0.0,1,,q_rech7_sp1
q_rech8_sp27,tied,factor,4.86e-05,2.6244e-05,0.000146286,pargp,1.0,0.0,1,,q_rech7_sp1
q_rech8_sp28,tied,factor,3.44e-05,1.8576000000000003e-05,0.000103544,pargp,1.0,0.0,1,,q_rech7_sp1
q_rech8_sp29,tied,factor,2.26e-05,1.2204e-05,6.8026e-05,pargp,1.0,0.0,1,,q_rech7_sp1
q_rech8_sp3,tied,factor,0.0002279999999999,0.0001231199999999,0.0006862799999996,pargp,1.0,0.0,1,,q_rech7_sp1
q_rech8_sp30,tied,factor,1.56e-05,8.424000000000001e-06,4.6956e-05,pargp,1.0,0.0,1,,q_rech7_sp1
q_rech8_sp31,tied,factor,1.39e-05,7.506000000000001e-06,4.1839e-05,pargp,1.0,0.0,1,,q_rech7_sp1
q_rech8_sp32,tied,factor,1.29e-05,6.966000000000001e-06,3.8829e-05,pargp,1.0,0.0,1,,q_rech7_sp1
q_rech8_sp4,tied,factor,0.0002279999999999,0.0001231199999999,0.0006862799999996,pargp,1.0,0.0,1,,q_rech7_sp1
q_rech8_sp5,tied,factor,0.0002279999999999,0.0001231199999999,0.0006862799999996,pargp,1.0,0.0,1,,q_rech7_sp1
q_rech8_sp6,tied,factor,0.0002279999999999,0.0001231199999999,0.0006862799999996,pargp,1.0,0.0,1,,q_rech7_sp1
q_rech8_sp7,tied,factor,0.0002279999999999,0.0001231199999999,0.0006862799999996,pargp,1.0,0.0,1,,q_rech7_sp1
q_rech8_sp8,tied,factor,7.759999999999999e-05,4.1904e-05,0.0002335759999999,pargp,1.0,0.0,1,,q_rech7_sp1
q_rech8_sp9,tied,factor,6.86e-05,3.7044e-05,0.0002064859999999,pargp,1.0,0.0,1,,q_rech7_sp1
q_rech9_sp1,tied,factor,0.0002280000044266,0.0001231200023904,0.0006862800133241,pargp,1.0,0.0,1,,q_rech7_sp1
q_rech9_sp10,tied,factor,6.96e-05,3.7584e-05,0.000209496,pargp,1.0,0.0,1,,q_rech7_sp1
q_rech9_sp11,tied,factor,0.0009,0.000486,0.0027089999999999,pargp,1.0,0.0,1,,q_rech7_sp1
q_rech9_sp12,tied,factor,0.001046,0.00056484,0.00314846,pargp,1.0,0.0,1,,q_rech7_sp1
q_rech9_sp13,tied,factor,0.00021,0.0001134,0.0006321,pargp,1.0,0.0,1,,q_rech7_sp1
q_rech9_sp14,tied,factor,0.000424,0.00022896,0.0012762399999999,pargp,1.0,0.0,1,,q_rech7_sp1
q_rech9_sp15,tied,factor,0.000528,0.00028512,0.00158928,pargp,1.0,0.0,1,,q_rech7_sp1
q_rech9_sp16,tied,factor,0.000746,0.00040284,0.00224546,pargp,1.0,0.0,1,,q_rech7_sp1
q_rech9_sp17,tied,factor,0.0010119999999999,0.0005464799999999,0.0030461199999996,pargp,1.0,0.0,1,,q_rech7_sp1
q_rech9_sp18,tied,factor,0.000252,0.00013608,0.0007585199999999,pargp,1.0,0.0,1,,q_rech7_sp1
q_rech9_sp19,tied,factor,9.68e-05,5.2272e-05,0.0002913679999999,pargp,1.0,0.0,1,,q_rech7_sp1
q_rech9_sp2,tied,factor,0.0002279999999999,0.0001231199999999,0.0006862799999996,pargp,1.0,0.0,1,,q_rech7_sp1
q_rech9_sp20,tied,factor,5.479999999999999e-05,2.9592e-05,0.0001649479999999,pargp,1.0,0.0,1,,q_rech7_sp1
q_rech9_sp21,tied,factor,4.34e-05,2.3436e-05,0.000130634,pargp,1.0,0.0,1,,q_rech7_sp1
q_rech9_sp22,tied,factor,0.000856,0.00046224,0.00257656,pargp,1.0,0.0,1,,q_rech7_sp1
q_rech9_sp23,tied,factor,0.00031,0.0001674,0.0009331,pargp,1.0,0.0,1,,q_rech7_sp1
q_rech9_sp24,tied,factor,9.28e-05,5.0112e-05,0.000279328,pargp,1.0,0.0,1,,q_rech7_sp1
q_rech9_sp25,tied,factor,5.720000000000001e-05,3.0888000000000006e-05,0.000172172,pargp,1.0,0.0,1,,q_rech7_sp1
q_rech9_sp26,tied,factor,5.96e-05,3.2184e-05,0.000179396,pargp,1.0,0.0,1,,q_rech7_sp1
q_rech9_sp27,tied,factor,4.86e-05,2.6244e-05,0.000146286,pargp,1.0,0.0,1,,q_rech7_sp1
q_rech9_sp28,tied,factor,3.44e-05,1.8576000000000003e-05,0.000103544,pargp,1.0,0.0,1,,q_rech7_sp1
q_rech9_sp29,tied,factor,2.26e-05,1.2204e-05,6.8026e-05,pargp,1.0,0.0,1,,q_rech7_sp1
q_rech9_sp3,tied,factor,0.0002279999999999,0.0001231199999999,0.0006862799999996,pargp,1.0,0.0,1,,q_rech7_sp1
q_rech9_sp30,tied,factor,1.56e-05,8.424000000000001e-06,4.6956e-05,pargp,1.0,0.0,1,,q_rech7_sp1
q_rech9_sp31,tied,factor,1.39e-05,7.506000000000001e-06,4.1839e-05,pargp,1.0,0.0,1,,q_rech7_sp1
q_rech9_sp32,tied,factor,1.29e-05,6.966000000000001e-06,3.8829e-05,pargp,1.0,0.0,1,,q_rech7_sp1
q_rech9_sp4,tied,factor,0.0002279999999999,0.0001231199999999,0.0006862799999996,pargp,1.0,0.0,1,,q_rech7_sp1
q_rech9_sp5,tied,factor,0.0002279999999999,0.0001231199999999,0.0006862799999996,pargp,1.0,0.0,1,,q_rech7_sp1
q_rech9_sp6,tied,factor,0.0002279999999999,0.0001231199999999,0.0006862799999996,pargp,1.0,0.0,1,,q_rech7_sp1
q_rech9_sp7,tied,factor,0.0002279999999999,0.0001231199999999,0.0006862799999996,pargp,1.0,0.0,1,,q_rech7_sp1
q_rech9_sp8,tied,factor,7.759999999999999e-05,4.1904e-05,0.0002335759999999,pargp,1.0,0.0,1,,q_rech7_sp1
q_rech9_sp9,tied,factor,6.86e-05,3.7044e-05,0.0002064859999999,pargp,1.0,0.0,1,,q_rech7_sp1
q_uti_in,none,factor,3.7750001,1.711,8.51,pargp,1.0,0.0,1,,
q_uti_out,none,factor,0.737,0.274,1.711,pargp,1.0,0.0,1,,
q_w_well,fixed,relative,-67.0,-67.0,-67.0,pargp,1.0,0.0,1,,
qc_u1_1,tied,relative,-41.879,-50.2548,-33.5032,pargp,1.0,0.0,1,,qcp1_13
qc_u2_1,tied,relative,-4278.732,-5134.4784,-3422.9856,pargp,1.0,0.0,1,,qcp1_13
qc_u3_1,tied,relative,-94.196,-113.0352,-75.3568,pargp,1.0,0.0,1,,qcp1_13
qc_u4_1,tied,relative,-31.865,-38.238,-25.492,pargp,1.0,0.0,1,,qcp1_13
qc_u5_1,tied,relative,-5047.582,-6057.0984,-4038.0656,pargp,1.0,0.0,1,,qcp1_13
qc_u6_1,tied,relative,-1027.329,-1232.7948,-821.8632,pargp,1.0,0.0,1,,qcp1_13
qc_u7_1,tied,relative,-2330.654,-2796.7848,-1864.5232,pargp,1.0,0.0,1,,qcp1_13
qu_rech1_sp1,tied,factor,6.63e-06,3.315e-06,1.326e-05,pargp,1.0,0.0,1,,q_rech1_sp1
qu_rech1_sp10,tied,factor,3.29e-06,1.645e-06,6.58e-06,pargp,1.0,0.0,1,,q_rech1_sp1
qu_rech1_sp11,tied,factor,1.34e-05,6.7e-06,2.68e-05,pargp,1.0,0.0,1,,q_rech1_sp1
qu_rech1_sp12,tied,factor,5.99e-05,2.995e-05,0.0001198,pargp,1.0,0.0,1,,q_rech1_sp1
qu_rech1_sp13,tied,factor,0.0002025,0.00010125,0.000405,pargp,1.0,0.0,1,,q_rech1_sp1
qu_rech1_sp14,tied,factor,7.780000000000001e-05,3.89e-05,0.0001556,pargp,1.0,0.0,1,,q_rech1_sp1
qu_rech1_sp15,tied,factor,3.35e-05,1.675e-05,6.7e-05,pargp,1.0,0.0,1,,q_rech1_sp1
qu_rech1_sp16,tied,factor,0.0002538,0.0001269,0.0005076,pargp,1.0,0.0,1,,q_rech1_sp1
qu_rech1_sp17,tied,factor,0.0002889,0.00014445,0.0005778,pargp,1.0,0.0,1,,q_rech1_sp1
qu_rech1_sp18,tied,factor,4.44e-05,2.22e-05,8.88e-05,pargp,1.0,0.0,1,,q_rech1_sp1
qu_rech1_sp19,tied,factor,0.0001026,5.13e-05,0.0002052,pargp,1.0,0.0,1,,q_rech1_sp1
qu_rech1_sp2,tied,factor,6.97e-06,3.485e-06,1.394e-05,pargp,1.0,0.0,1,,q_rech1_sp1
qu_rech1_sp3,tied,factor,6.53e-06,3.265e-06,1.306e-05,pargp,1.0,0.0,1,,q_rech1_sp1
qu_rech1_sp4,tied,factor,5.89e-06,2.945e-06,1.178e-05,pargp,1.0,0.0,1,,q_rech1_sp1
qu_rech1_sp5,tied,factor,5.69e-06,2.845e-06,1.138e-05,pargp,1.0,0.0,1,,q_rech1_sp1
qu_rech1_sp6,tied,factor,5.35e-06,2.675e-06,1.07e-05,pargp,1.0,0.0,1,,q_rech1_sp1
qu_rech1_sp7,tied,factor,4.79e-06,2.395e-06,9.58e-06,pargp,1.0,0.0,1,,q_rech1_sp1
qu_rech1_sp8,tied,factor,4.27e-06,2.135e-06,8.54e-06,pargp,1.0,0.0,1,,q_rech1_sp1
qu_rech1_sp9,tied,factor,3.76e-06,1.88e-06,7.52e-06,pargp,1.0,0.0,1,,q_rech1_sp1
qu_rech2_sp1,tied,factor,6.63e-06,3.315e-06,1.326e-05,pargp,1.0,0.0,1,,q_rech2_sp1
qu_rech2_sp10,tied,factor,3.29e-06,1.645e-06,6.58e-06,pargp,1.0,0.0,1,,q_rech2_sp1
qu_rech2_sp11,tied,factor,1.34e-05,6.7e-06,2.68e-05,pargp,1.0,0.0,1,,q_rech2_sp1
qu_rech2_sp12,tied,factor,5.99e-05,2.995e-05,0.0001198,pargp,1.0,0.0,1,,q_rech2_sp1
qu_rech2_sp13,tied,factor,0.0002025,0.00010125,0.000405,pargp,1.0,0.0,1,,q_rech2_sp1
qu_rech2_sp14,tied,factor,7.780000000000001e-05,3.89e-05,0.0001556,pargp,1.0,0.0,1,,q_rech2_sp1
qu_rech2_sp15,tied,factor,3.35e-05,1.675e-05,6.7e-05,pargp,1.0,0.0,1,,q_rech2_sp1
qu_rech2_sp16,tied,factor,0.0002538,0.0001269,0.0005076,pargp,1.0,0.0,1,,q_rech2_sp1
qu_rech2_sp17,tied,factor,0.0002889,0.00014445,0.0005778,pargp,1.0,0.0,1,,q_rech2_sp1
qu_rech2_sp18,tied,factor,4.44e-05,2.22e-05,8.88e-05,pargp,1.0,0.0,1,,q_rech2_sp1
qu_rech2_sp19,tied,factor,0.0001026,5.13e-05,0.0002052,pargp,1.0,0.0,1,,q_rech2_sp1
qu_rech2_sp2,tied,factor,6.97e-06,3.485e-06,1.394e-05,pargp,1.0,0.0,1,,q_rech2_sp1
qu_rech2_sp3,tied,factor,6.53e-06,3.265e-06,1.306e-05,pargp,1.0,0.0,1,,q_rech2_sp1
qu_rech2_sp4,tied,factor,5.89e-06,2.945e-06,1.178e-05,pargp,1.0,0.0,1,,q_rech2_sp1
qu_rech2_sp5,tied,factor,5.69e-06,2.845e-06,1.138e-05,pargp,1.0,0.0,1,,q_rech2_sp1
qu_rech2_sp6,tied,factor,5.35e-06,2.675e-06,1.07e-05,pargp,1.0,0.0,1,,q_rech2_sp1
qu_rech2_sp7,tied,factor,4.79e-06,2.395e-06,9.58e-06,pargp,1.0,0.0,1,,q_rech2_sp1
qu_rech2_sp8,tied,factor,4.27e-06,2.135e-06,8.54e-06,pargp,1.0,0.0,1,,q_rech2_sp1
qu_rech2_sp9,tied,factor,3.76e-06,1.88e-06,7.52e-06,pargp,1.0,0.0,1,,q_rech2_sp1
qu_rech3_sp1,tied,factor,6.63e-06,3.315e-06,1.326e-05,pargp,1.0,0.0,1,,q_rech3_sp1
qu_rech3_sp10,tied,factor,3.29e-06,1.645e-06,6.58e-06,pargp,1.0,0.0,1,,q_rech3_sp1
qu_rech3_sp11,tied,factor,1.34e-05,6.7e-06,2.68e-05,pargp,1.0,0.0,1,,q_rech3_sp1
qu_rech3_sp12,tied,factor,5.99e-05,2.995e-05,0.0001198,pargp,1.0,0.0,1,,q_rech3_sp1
qu_rech3_sp13,tied,factor,0.0002025,0.00010125,0.000405,pargp,1.0,0.0,1,,q_rech3_sp1
qu_rech3_sp14,tied,factor,7.780000000000001e-05,3.89e-05,0.0001556,pargp,1.0,0.0,1,,q_rech3_sp1
qu_rech3_sp15,tied,factor,3.35e-05,1.675e-05,6.7e-05,pargp,1.0,0.0,1,,q_rech3_sp1
qu_rech3_sp16,tied,factor,0.0002538,0.0001269,0.0005076,pargp,1.0,0.0,1,,q_rech3_sp1
qu_rech3_sp17,tied,factor,0.0002889,0.00014445,0.0005778,pargp,1.0,0.0,1,,q_rech3_sp1
qu_rech3_sp18,tied,factor,4.44e-05,2.22e-05,8.88e-05,pargp,1.0,0.0,1,,q_rech3_sp1
qu_rech3_sp19,tied,factor,0.0001026,5.13e-05,0.0002052,pargp,1.0,0.0,1,,q_rech3_sp1
qu_rech3_sp2,tied,factor,6.97e-06,3.485e-06,1.394e-05,pargp,1.0,0.0,1,,q_rech3_sp1
qu_rech3_sp3,tied,factor,6.53e-06,3.265e-06,1.306e-05,pargp,1.0,0.0,1,,q_rech3_sp1
qu_rech3_sp4,tied,factor,5.89e-06,2.945e-06,1.178e-05,pargp,1.0,0.0,1,,q_rech3_sp1
qu_rech3_sp5,tied,factor,5.69e-06,2.845e-06,1.138e-05,pargp,1.0,0.0,1,,q_rech3_sp1
qu_rech3_sp6,tied,factor,5.35e-06,2.675e-06,1.07e-05,pargp,1.0,0.0,1,,q_rech3_sp1
qu_rech3_sp7,tied,factor,4.79e-06,2.395e-06,9.58e-06,pargp,1.0,0.0,1,,q_rech3_sp1
qu_rech3_sp8,tied,factor,4.27e-06,2.135e-06,8.54e-06,pargp,1.0,0.0,1,,q_rech3_sp1
qu_rech3_sp9,tied,factor,3.76e-06,1.88e-06,7.52e-06,pargp,1.0,0.0,1,,q_rech3_sp1
qu_rech4_sp1,tied,factor,6.63e-06,3.315e-06,1.326e-05,pargp,1.0,0.0,1,,q_rech1_sp1
qu_rech4_sp10,tied,factor,3.29e-06,1.645e-06,6.58e-06,pargp,1.0,0.0,1,,q_rech1_sp1
qu_rech4_sp11,tied,factor,1.34e-05,6.7e-06,2.68e-05,pargp,1.0,0.0,1,,q_rech1_sp1
qu_rech4_sp12,tied,factor,5.99e-05,2.995e-05,0.0001198,pargp,1.0,0.0,1,,q_rech1_sp1
qu_rech4_sp13,tied,factor,0.0002025,0.00010125,0.000405,pargp,1.0,0.0,1,,q_rech1_sp1
qu_rech4_sp14,tied,factor,7.780000000000001e-05,3.89e-05,0.0001556,pargp,1.0,0.0,1,,q_rech1_sp1
qu_rech4_sp15,tied,factor,3.35e-05,1.675e-05,6.7e-05,pargp,1.0,0.0,1,,q_rech1_sp1
qu_rech4_sp16,tied,factor,0.0002538,0.0001269,0.0005076,pargp,1.0,0.0,1,,q_rech1_sp1
qu_rech4_sp17,tied,factor,0.0002889,0.00014445,0.0005778,pargp,1.0,0.0,1,,q_rech1_sp1
qu_rech4_sp18,tied,factor,4.44e-05,2.22e-05,8.88e-05,pargp,1.0,0.0,1,,q_rech1_sp1
qu_rech4_sp19,tied,factor,0.0001026,5.13e-05,0.0002052,pargp,1.0,0.0,1,,q_rech1_sp1
qu_rech4_sp2,tied,factor,6.97e-06,3.485e-06,1.394e-05,pargp,1.0,0.0,1,,q_rech1_sp1
qu_rech4_sp3,tied,factor,6.53e-06,3.265e-06,1.306e-05,pargp,1.0,0.0,1,,q_rech1_sp1
qu_rech4_sp4,tied,factor,5.89e-06,2.945e-06,1.178e-05,pargp,1.0,0.0,1,,q_rech1_sp1
qu_rech4_sp5,tied,factor,5.69e-06,2.845e-06,1.138e-05,pargp,1.0,0.0,1,,q_rech1_sp1
qu_rech4_sp6,tied,factor,5.35e-06,2.675e-06,1.07e-05,pargp,1.0,0.0,1,,q_rech1_sp1
qu_rech4_sp7,tied,factor,4.79e-06,2.395e-06,9.58e-06,pargp,1.0,0.0,1,,q_rech1_sp1
qu_rech4_sp8,tied,factor,4.27e-06,2.135e-06,8.54e-06,pargp,1.0,0.0,1,,q_rech1_sp1
qu_rech4_sp9,tied,factor,3.76e-06,1.88e-06,7.52e-06,pargp,1.0,0.0,1,,q_rech1_sp1
qu_rech5_sp1,fixed,factor,1e-11,1e-11,1e-11,pargp,1.0,0.0,1,,
qu_rech5_sp10,fixed,factor,1e-11,1e-11,1e-11,pargp,1.0,0.0,1,,
qu_rech5_sp11,fixed,factor,1e-11,1e-11,1e-11,pargp,1.0,0.0,1,,
qu_rech5_sp12,fixed,factor,1e-11,1e-11,1e-11,pargp,1.0,0.0,1,,
qu_rech5_sp13,fixed,factor,1e-11,1e-11,1e-11,pargp,1.0,0.0,1,,
qu_rech5_sp14,fixed,factor,1e-11,1e-11,1e-11,pargp,1.0,0.0,1,,
qu_rech5_sp15,fixed,factor,1e-11,1e-11,1e-11,pargp,1.0,0.0,1,,
qu_rech5_sp16,fixed,factor,1e-11,1e-11,1e-11,pargp,1.0,0.0,1,,
qu_rech5_sp17,fixed,factor,1e-11,1e-11,1e-11,pargp,1.0,0.0,1,,
qu_rech5_sp18,fixed,factor,1e-11,1e-11,1e-11,pargp,1.0,0.0,1,,
qu_rech5_sp19,fixed,factor,1e-11,1e-11,1e-11,pargp,1.0,0.0,1,,
qu_rech5_sp2,fixed,factor,1e-11,1e-11,1e-11,pargp,1.0,0.0,1,,
qu_rech5_sp3,fixed,factor,1e-11,1e-11,1e-11,pargp,1.0,0.0,1,,
qu_rech5_sp4,fixed,factor,1e-11,1e-11,1e-11,pargp,1.0,0.0,1,,
qu_rech5_sp5,fixed,factor,1e-11,1e-11,1e-11,pargp,1.0,0.0,1,,
qu_rech5_sp6,fixed,factor,1e-11,1e-11,1e-11,pargp,1.0,0.0,1,,
qu_rech5_sp7,fixed,factor,1e-11,1e-11,1e-11,pargp,1.0,0.0,1,,
qu_rech5_sp8,fixed,factor,1e-11,1e-11,1e-11,pargp,1.0,0.0,1,,
qu_rech5_sp9,fixed,factor,1e-11,1e-11,1e-11,pargp,1.0,0.0,1,,
qu_rech6_sp1,tied,factor,3.68e-06,1.84e-06,7.36e-06,pargp,1.0,0.0,1,,q_rech6_sp1
qu_rech6_sp10,tied,factor,1.83e-06,9.15e-07,3.66e-06,pargp,1.0,0.0,1,,q_rech6_sp1
qu_rech6_sp11,tied,factor,7.45e-06,3.725e-06,1.49e-05,pargp,1.0,0.0,1,,q_rech6_sp1
qu_rech6_sp12,tied,factor,3.32e-05,1.66e-05,6.64e-05,pargp,1.0,0.0,1,,q_rech6_sp1
qu_rech6_sp13,tied,factor,0.0001125,5.625e-05,0.000225,pargp,1.0,0.0,1,,q_rech6_sp1
qu_rech6_sp14,tied,factor,4.3200000000000007e-05,2.1600000000000003e-05,8.640000000000001e-05,pargp,1.0,0.0,1,,q_rech6_sp1
qu_rech6_sp15,tied,factor,1.86e-05,9.3e-06,3.72e-05,pargp,1.0,0.0,1,,q_rech6_sp1
qu_rech6_sp16,tied,factor,0.0001409999999999,7.049999999995e-05,0.0002819999999998,pargp,1.0,0.0,1,,q_rech6_sp1
qu_rech6_sp17,tied,factor,0.0001605,8.025e-05,0.000321,pargp,1.0,0.0,1,,q_rech6_sp1
qu_rech6_sp18,tied,factor,2.47e-05,1.235e-05,4.94e-05,pargp,1.0,0.0,1,,q_rech6_sp1
qu_rech6_sp19,tied,factor,5.7e-05,2.85e-05,0.000114,pargp,1.0,0.0,1,,q_rech6_sp1
qu_rech6_sp2,tied,factor,3.87e-06,1.935e-06,7.74e-06,pargp,1.0,0.0,1,,q_rech6_sp1
qu_rech6_sp3,tied,factor,3.63e-06,1.815e-06,7.26e-06,pargp,1.0,0.0,1,,q_rech6_sp1
qu_rech6_sp4,tied,factor,3.27e-06,1.635e-06,6.54e-06,pargp,1.0,0.0,1,,q_rech6_sp1
qu_rech6_sp5,tied,factor,3.16e-06,1.58e-06,6.32e-06,pargp,1.0,0.0,1,,q_rech6_sp1
qu_rech6_sp6,tied,factor,2.97e-06,1.485e-06,5.94e-06,pargp,1.0,0.0,1,,q_rech6_sp1
qu_rech6_sp7,tied,factor,2.66e-06,1.33e-06,5.32e-06,pargp,1.0,0.0,1,,q_rech6_sp1
qu_rech6_sp8,tied,factor,2.37e-06,1.185e-06,4.74e-06,pargp,1.0,0.0,1,,q_rech6_sp1
qu_rech6_sp9,tied,factor,2.09e-06,1.045e-06,4.18e-06,pargp,1.0,0.0,1,,q_rech6_sp1
qu_rech7_sp1,tied,factor,1.47e-05,7.938000000000001e-06,4.4247e-05,pargp,1.0,0.0,1,,q_rech7_sp1
qu_rech7_sp10,tied,factor,7.32e-06,3.9528000000000005e-06,2.20332e-05,pargp,1.0,0.0,1,,q_rech7_sp1
qu_rech7_sp11,tied,factor,2.98e-05,1.6092e-05,8.9698e-05,pargp,1.0,0.0,1,,q_rech7_sp1
qu_rech7_sp12,tied,factor,0.000133,7.182000000000001e-05,0.00040033,pargp,1.0,0.0,1,,q_rech7_sp1
qu_rech7_sp13,tied,factor,0.00045,0.000243,0.0013544999999999,pargp,1.0,0.0,1,,q_rech7_sp1
qu_rech7_sp14,tied,factor,0.0001728,9.3312e-05,0.0005201279999999,pargp,1.0,0.0,1,,q_rech7_sp1
qu_rech7_sp15,tied,factor,7.44e-05,4.0176e-05,0.000223944,pargp,1.0,0.0,1,,q_rech7_sp1
qu_rech7_sp16,tied,factor,0.0005639999999999,0.0003045599999999,0.0016976399999996,pargp,1.0,0.0,1,,q_rech7_sp1
qu_rech7_sp17,tied,factor,0.000642,0.00034668,0.0019324199999999,pargp,1.0,0.0,1,,q_rech7_sp1
qu_rech7_sp18,tied,factor,9.86e-05,5.3244e-05,0.0002967859999999,pargp,1.0,0.0,1,,q_rech7_sp1
qu_rech7_sp19,tied,factor,0.0002279999999999,0.0001231199999999,0.0006862799999996,pargp,1.0,0.0,1,,q_rech7_sp1
qu_rech7_sp2,tied,factor,1.55e-05,8.370000000000001e-06,4.6655e-05,pargp,1.0,0.0,1,,q_rech7_sp1
qu_rech7_sp3,tied,factor,1.4499999999999998e-05,7.83e-06,4.364499999999999e-05,pargp,1.0,0.0,1,,q_rech7_sp1
qu_rech7_sp4,tied,factor,1.31e-05,7.074e-06,3.9431e-05,pargp,1.0,0.0,1,,q_rech7_sp1
qu_rech7_sp5,tied,factor,1.26e-05,6.804e-06,3.7926e-05,pargp,1.0,0.0,1,,q_rech7_sp1
qu_rech7_sp6,tied,factor,1.19e-05,6.426e-06,3.5819e-05,pargp,1.0,0.0,1,,q_rech7_sp1
qu_rech7_sp7,tied,factor,1.06e-05,5.724000000000001e-06,3.1906e-05,pargp,1.0,0.0,1,,q_rech7_sp1
qu_rech7_sp8,tied,factor,9.5e-06,5.130000000000001e-06,2.8595e-05,pargp,1.0,0.0,1,,q_rech7_sp1
qu_rech7_sp9,tied,factor,8.36e-06,4.5144e-06,2.51636e-05,pargp,1.0,0.0,1,,q_rech7_sp1
qu_rech8_sp1,tied,factor,1.47e-05,7.938000000000001e-06,4.4247e-05,pargp,1.0,0.0,1,,q_rech7_sp1
qu_rech8_sp10,tied,factor,7.32e-06,3.9528000000000005e-06,2.20332e-05,pargp,1.0,0.0,1,,q_rech7_sp1
qu_rech8_sp11,tied,factor,2.98e-05,1.6092e-05,8.9698e-05,pargp,1.0,0.0,1,,q_rech7_sp1
qu_rech8_sp12,tied,factor,0.000133,7.182000000000001e-05,0.00040033,pargp,1.0,0.0,1,,q_rech7_sp1
qu_rech8_sp13,tied,factor,0.00045,0.000243,0.0013544999999999,pargp,1.0,0.0,1,,q_rech7_sp1
qu_rech8_sp14,tied,factor,0.0001728,9.3312e-05,0.0005201279999999,pargp,1.0,0.0,1,,q_rech7_sp1
qu_rech8_sp15,tied,factor,7.44e-05,4.0176e-05,0.000223944,pargp,1.0,0.0,1,,q_rech7_sp1
qu_rech8_sp16,tied,factor,0.0005639999999999,0.0003045599999999,0.0016976399999996,pargp,1.0,0.0,1,,q_rech7_sp1
qu_rech8_sp17,tied,factor,0.000642,0.00034668,0.0019324199999999,pargp,1.0,0.0,1,,q_rech7_sp1
qu_rech8_sp18,tied,factor,9.86e-05,5.3244e-05,0.0002967859999999,pargp,1.0,0.0,1,,q_rech7_sp1
qu_rech8_sp19,tied,factor,0.0002279999999999,0.0001231199999999,0.0006862799999996,pargp,1.0,0.0,1,,q_rech7_sp1
qu_rech8_sp2,tied,factor,1.55e-05,8.370000000000001e-06,4.6655e-05,pargp,1.0,0.0,1,,q_rech7_sp1
qu_rech8_sp3,tied,factor,1.4499999999999998e-05,7.83e-06,4.364499999999999e-05,pargp,1.0,0.0,1,,q_rech7_sp1
qu_rech8_sp4,tied,factor,1.31e-05,7.074e-06,3.9431e-05,pargp,1.0,0.0,1,,q_rech7_sp1
qu_rech8_sp5,tied,factor,1.26e-05,6.804e-06,3.7926e-05,pargp,1.0,0.0,1,,q_rech7_sp1
qu_rech8_sp6,tied,factor,1.19e-05,6.426e-06,3.5819e-05,pargp,1.0,0.0,1,,q_rech7_sp1
qu_rech8_sp7,tied,factor,1.06e-05,5.724000000000001e-06,3.1906e-05,pargp,1.0,0.0,1,,q_rech7_sp1
qu_rech8_sp8,tied,factor,9.5e-06,5.130000000000001e-06,2.8595e-05,pargp,1.0,0.0,1,,q_rech7_sp1
qu_rech8_sp9,tied,factor,8.36e-06,4.5144e-06,2.51636e-05,pargp,1.0,0.0,1,,q_rech7_sp1
qu_rech9_sp1,tied,factor,1.47e-05,7.938000000000001e-06,4.4247e-05,pargp,1.0,0.0,1,,q_rech7_sp1
qu_rech9_sp10,tied,factor,7.32e-06,3.9528000000000005e-06,2.20332e-05,pargp,1.0,0.0,1,,q_rech7_sp1
qu_rech9_sp11,tied,factor,2.98e-05,1.6092e-05,8.9698e-05,pargp,1.0,0.0,1,,q_rech7_sp1
qu_rech9_sp12,tied,factor,0.000133,7.182000000000001e-05,0.00040033,pargp,1.0,0.0,1,,q_rech7_sp1
qu_rech9_sp13,tied,factor,0.00045,0.000243,0.0013544999999999,pargp,1.0,0.0,1,,q_rech7_sp1
qu_rech9_sp14,tied,factor,0.0001728,9.3312e-05,0.0005201279999999,pargp,1.0,0.0,1,,q_rech7_sp1
qu_rech9_sp15,tied,factor,7.44e-05,4.0176e-05,0.000223944,pargp,1.0,0.0,1,,q_rech7_sp1
qu_rech9_sp16,tied,factor,0.0005639999999999,0.0003045599999999,0.0016976399999996,pargp,1.0,0.0,1,,q_rech7_sp1
qu_rech9_sp17,tied,factor,0.000642,0.00034668,0.0019324199999999,pargp,1.0,0.0,1,,q_rech7_sp1
qu_rech9_sp18,tied,factor,9.86e-05,5.3244e-05,0.0002967859999999,pargp,1.0,0.0,1,,q_rech7_sp1
qu_rech9_sp19,tied,factor,0.0002279999999999,0.0001231199999999,0.0006862799999996,pargp,1.0,0.0,1,,q_rech7_sp1
qu_rech9_sp2,tied,factor,1.55e-05,8.370000000000001e-06,4.6655e-05,pargp,1.0,0.0,1,,q_rech7_sp1
qu_rech9_sp3,tied,factor,1.4499999999999998e-05,7.83e-06,4.364499999999999e-05,pargp,1.0,0.0,1,,q_rech7_sp1
qu_rech9_sp4,tied,factor,1.31e-05,7.074e-06,3.9431e-05,pargp,1.0,0.0,1,,q_rech7_sp1
qu_rech9_sp5,tied,factor,1.26e-05,6.804e-06,3.7926e-05,pargp,1.0,0.0,1,,q_rech7_sp1
qu_rech9_sp6,tied,factor,1.19e-05,6.426e-06,3.5819e-05,pargp,1.0,0.0,1,,q_rech7_sp1
qu_rech9_sp7,tied,factor,1.06e-05,5.724000000000001e-06,3.1906e-05,pargp,1.0,0.0,1,,q_rech7_sp1
qu_rech9_sp8,tied,factor,9.5e-06,5.130000000000001e-06,2.8595e-05,pargp,1.0,0.0,1,,q_rech7_sp1
qu_rech9_sp9,tied,factor,8.36e-06,4.5144e-06,2.51636e-05,pargp,1.0,0.0,1,,q_rech7_sp1
ss,log,factor,1.0,0.1,10.0,pargp,1.0,0.0,1,,
sy,none,factor,0.1,0.08,0.14,pargp,1.0,0.0,1,,
